game_id,name,date,player_count,gain,peak_player
413150,Stardew Valley,Last 30 Days,"60,933.7","+1,550.3","136,302"
413150,Stardew Valley,January 2025,"72,808.0","+6,395.0","129,558"
413150,Stardew Valley,November 2024,"61,855.4","-4,795.4","116,286"
413150,Stardew Valley,September 2024,"49,227.5","-16,343.6","88,441"
413150,Stardew Valley,July 2024,"82,852.1","+18,846.1","148,985"
413150,Stardew Valley,May 2024,"89,016.9","-31,116.9","175,581"
413150,Stardew Valley,March 2024,"82,587.9","+50,234.9","236,614"
413150,Stardew Valley,January 2024,"39,082.7","+7,133.9","58,773"
413150,Stardew Valley,November 2023,"28,714.7",-841.6,"46,525"
413150,Stardew Valley,September 2023,"27,764.5","-6,756.1","44,391"
413150,Stardew Valley,July 2023,"37,568.6","+7,706.5","53,687"
413150,Stardew Valley,May 2023,"28,102.8","-4,479.6","43,446"
413150,Stardew Valley,March 2023,"33,899.0","-2,365.1","52,043"
413150,Stardew Valley,January 2023,"40,950.5","+12,554.0","59,095"
413150,Stardew Valley,November 2022,"23,896.0","+1,232.5","37,232"
413150,Stardew Valley,September 2022,"24,753.5","-6,648.7","38,451"
413150,Stardew Valley,July 2022,"39,076.5","+7,300.7","54,288"
413150,Stardew Valley,May 2022,"28,036.6","+1,206.8","42,786"
413150,Stardew Valley,March 2022,"25,851.2","-2,942.2","38,568"
413150,Stardew Valley,January 2022,"33,621.6","+8,669.9","48,151"
413150,Stardew Valley,November 2021,"23,206.2",+792.1,"35,441"
413150,Stardew Valley,September 2021,"24,320.9","-6,246.2","36,516"
413150,Stardew Valley,July 2021,"28,479.5","+6,238.2","41,572"
413150,Stardew Valley,May 2021,"23,174.5","-3,998.0","35,440"
413150,Stardew Valley,March 2021,"33,180.9","-5,123.8","51,990"
413150,Stardew Valley,January 2021,"57,166.6","+27,545.8","94,479"
413150,Stardew Valley,November 2020,"13,803.9","+1,743.9","22,453"
413150,Stardew Valley,September 2020,"13,509.3","-3,143.9","19,609"
413150,Stardew Valley,July 2020,"19,955.3","+4,745.9","28,908"
413150,Stardew Valley,May 2020,"20,487.2","-9,464.0","31,679"
413150,Stardew Valley,March 2020,"27,388.1","+3,690.9","45,512"
413150,Stardew Valley,January 2020,"24,356.2",+207.7,"39,046"
413150,Stardew Valley,November 2019,"10,855.1","+1,922.7","35,053"
413150,Stardew Valley,September 2019,"9,272.7","-1,745.9","14,278"
413150,Stardew Valley,July 2019,"15,367.1","+3,008.7","24,919"
413150,Stardew Valley,May 2019,"12,474.1",-67.6,"21,404"
413150,Stardew Valley,March 2019,"13,166.6",+442.2,"19,786"
413150,Stardew Valley,January 2019,"15,249.1","+4,089.0","24,470"
413150,Stardew Valley,November 2018,"9,503.0",-549.5,"16,133"
413150,Stardew Valley,September 2018,"11,765.5","-5,121.7","19,826"
413150,Stardew Valley,July 2018,"16,584.1",-778.3,"24,692"
413150,Stardew Valley,May 2018,"27,545.5","+20,015.9","54,212"
413150,Stardew Valley,March 2018,"8,053.6",-981.2,"12,668"
413150,Stardew Valley,January 2018,"11,707.1","+1,883.0","20,139"
413150,Stardew Valley,November 2017,"8,676.5",+534.7,"17,839"
413150,Stardew Valley,September 2017,"6,869.3","-1,978.2","10,745"
413150,Stardew Valley,July 2017,"15,538.2","+6,633.5","28,122"
413150,Stardew Valley,May 2017,"7,882.6",+229.1,"11,896"
413150,Stardew Valley,March 2017,"9,693.0",-194.9,"17,295"
413150,Stardew Valley,January 2017,"11,798.9","+3,822.9","24,014"
413150,Stardew Valley,November 2016,"6,878.9","-2,378.2","13,674"
413150,Stardew Valley,September 2016,"4,372.4","-1,135.3","7,360"
413150,Stardew Valley,July 2016,"9,299.8","+1,730.1","21,032"
413150,Stardew Valley,May 2016,"9,654.5","-10,188.9","20,528"
413150,Stardew Valley,March 2016,"34,947.5","+33,352.7","64,256"
413150,Stardew Valley,January 2016,0.5,-0.1,3
620,Portal 2,Last 30 Days,"2,207.4",-892.3,"4,471"
620,Portal 2,January 2025,"2,260.6",-205.6,"5,046"
620,Portal 2,November 2024,"1,792.9",-707.7,"4,831"
620,Portal 2,September 2024,"1,442.8",-366.2,"2,655"
620,Portal 2,July 2024,"3,098.7","+1,205.5","6,410"
620,Portal 2,May 2024,"1,871.0",+146.3,"3,548"
620,Portal 2,March 2024,"2,485.6",+363.1,"6,075"
620,Portal 2,January 2024,"4,011.6","+1,292.0","9,940"
620,Portal 2,November 2023,"2,071.8",+282.6,"7,274"
620,Portal 2,September 2023,"2,722.6",+285.0,"9,377"
620,Portal 2,July 2023,"3,435.9","+1,696.1","6,919"
620,Portal 2,May 2023,"2,135.7",-244.7,"7,514"
620,Portal 2,March 2023,"4,321.6","+2,360.5","14,445"
620,Portal 2,January 2023,"3,357.0",-281.2,"8,568"
620,Portal 2,November 2022,"2,288.1",+837.9,"9,152"
620,Portal 2,September 2022,"1,397.2",-277.1,"2,587"
620,Portal 2,July 2022,"2,337.2",+472.1,"4,520"
620,Portal 2,May 2022,"1,668.3",-179.1,"3,104"
620,Portal 2,March 2022,"2,012.9",-449.5,"3,686"
620,Portal 2,January 2022,"2,976.0",+334.3,"6,139"
620,Portal 2,November 2021,"1,854.4",+433.2,"6,216"
620,Portal 2,September 2021,"1,604.7",-445.6,"2,920"
620,Portal 2,July 2021,"2,938.3",+693.2,"5,826"
620,Portal 2,May 2021,"2,218.0",-214.2,"4,271"
620,Portal 2,March 2021,"2,355.5",-30.2,"6,813"
620,Portal 2,January 2021,"3,386.2",+98.3,"7,210"
620,Portal 2,November 2020,"2,734.4",+862.3,"6,382"
620,Portal 2,September 2020,"2,043.9",-422.0,"3,422"
620,Portal 2,July 2020,"3,782.3","+1,105.0","6,746"
620,Portal 2,May 2020,"2,960.4",-844.3,"5,636"
620,Portal 2,March 2020,"2,812.5",+587.9,"6,390"
620,Portal 2,January 2020,"3,119.3",-893.0,"8,386"
620,Portal 2,November 2019,"1,867.3",+478.9,"8,251"
620,Portal 2,September 2019,"1,520.5",-390.2,"2,792"
620,Portal 2,July 2019,"3,772.2","+1,275.5","8,439"
620,Portal 2,May 2019,"1,573.6",-6.7,"2,896"
620,Portal 2,March 2019,"1,672.5",-488.1,"3,023"
620,Portal 2,January 2019,"2,466.6",-41.3,"5,808"
620,Portal 2,November 2018,"1,773.0",+374.8,"5,466"
620,Portal 2,September 2018,"1,489.4",-401.6,"2,786"
620,Portal 2,July 2018,"3,240.3",+559.0,"7,657"
620,Portal 2,May 2018,"1,435.0",-160.8,"2,533"
620,Portal 2,March 2018,"1,965.8",-795.1,"4,030"
620,Portal 2,January 2018,"3,733.3",-217.3,"10,383"
620,Portal 2,November 2017,"2,198.1",+801.9,"9,453"
620,Portal 2,September 2017,"1,577.2",-526.8,"3,088"
620,Portal 2,July 2017,"4,728.9","+1,190.3","14,151"
620,Portal 2,May 2017,"1,366.4",-182.0,"2,488"
620,Portal 2,March 2017,"1,691.8",-229.5,"3,471"
620,Portal 2,January 2017,"2,900.3",+388.6,"8,752"
620,Portal 2,November 2016,"1,781.5",-23.6,"6,283"
620,Portal 2,September 2016,"1,322.3",-258.4,"3,114"
620,Portal 2,July 2016,"2,620.9",+636.1,"7,117"
620,Portal 2,May 2016,"1,512.7",-50.5,"3,061"
620,Portal 2,March 2016,"1,810.3",-857.2,"3,669"
620,Portal 2,January 2016,"3,253.0",-246.7,"8,814"
620,Portal 2,November 2015,"2,349.2","+1,067.8","8,799"
620,Portal 2,September 2015,"1,321.7",-281.4,"2,600"
620,Portal 2,July 2015,"1,959.9","-1,062.1","3,293"
620,Portal 2,May 2015,"1,395.7",-48.0,"2,598"
620,Portal 2,March 2015,"1,698.4",-835.5,"3,546"
620,Portal 2,January 2015,"2,598.6",-178.0,"7,876"
620,Portal 2,November 2014,"1,426.8",-356.8,"3,304"
620,Portal 2,September 2014,"1,734.0",-668.0,"5,116"
620,Portal 2,July 2014,"2,452.1",+450.9,"7,799"
620,Portal 2,May 2014,"1,771.9",-435.0,"3,988"
620,Portal 2,March 2014,"1,141.6",-245.2,"2,250"
620,Portal 2,January 2014,"2,159.8",-639.0,"6,200"
620,Portal 2,November 2013,"1,876.0",+636.1,"7,109"
620,Portal 2,September 2013,"1,369.3",-550.2,"2,735"
620,Portal 2,July 2013,"3,119.1","+1,300.8","9,990"
620,Portal 2,May 2013,"2,143.5",-598.1,"4,178"
620,Portal 2,March 2013,"1,509.1",-252.2,"3,005"
620,Portal 2,January 2013,"2,740.1",-263.4,"6,366"
620,Portal 2,November 2012,"1,795.3",+574.8,"8,555"
620,Portal 2,September 2012,"1,853.0",-627.6,"4,131"
620,Portal 2,July 2012,"4,167.7",,"8,857"
2379780,Balatro,Last 30 Days,"19,719.4","-2,541.7","28,598"
2379780,Balatro,January 2025,"29,741.5","+8,390.1","43,825"
2379780,Balatro,November 2024,"8,480.7","+2,748.2","20,026"
2379780,Balatro,September 2024,"6,036.4",-414.4,"8,727"
2379780,Balatro,July 2024,"7,941.1",-380.4,"12,306"
2379780,Balatro,May 2024,"12,597.0","-6,342.8","20,970"
2379780,Balatro,March 2024,"26,391.7",-498.4,"37,737"
1145360,Hades,Last 30 Days,"3,791.1",-127.4,"7,246"
1145360,Hades,January 2025,"4,037.7",-709.8,"7,065"
1145360,Hades,November 2024,"3,883.7","+1,237.9","7,695"
1145360,Hades,September 2024,"2,870.3",-699.3,"4,598"
1145360,Hades,July 2024,"6,052.6","-1,431.3","10,865"
1145360,Hades,May 2024,"19,345.5","+14,978.5","54,015"
1145360,Hades,March 2024,"4,208.6",-321.6,"7,875"
1145360,Hades,January 2024,"5,217.9",-458.4,"8,963"
1145360,Hades,November 2023,"4,418.5","+1,082.8","8,612"
1145360,Hades,September 2023,"3,636.1",+238.2,"8,221"
1145360,Hades,July 2023,"4,849.2","+1,927.5","7,996"
1145360,Hades,May 2023,"3,953.9","-1,361.4","7,570"
1145360,Hades,March 2023,"5,049.3",+38.7,"10,812"
1145360,Hades,January 2023,"9,658.2","-1,359.4","16,843"
1145360,Hades,November 2022,"4,786.0",+220.7,"9,350"
1145360,Hades,September 2022,"5,216.8",-362.5,"12,105"
1145360,Hades,July 2022,"6,191.9","+2,250.2","14,044"
1145360,Hades,May 2022,"3,751.6",-856.4,"6,097"
1145360,Hades,March 2022,"4,961.0","-1,395.7","10,310"
1145360,Hades,January 2022,"7,379.9","+1,008.9","12,295"
1145360,Hades,November 2021,"5,745.2",+823.7,"12,607"
1145360,Hades,September 2021,"5,372.8",-787.9,"8,308"
1145360,Hades,July 2021,"8,316.7","+3,020.7","15,468"
1145360,Hades,May 2021,"4,864.9","-1,501.7","7,582"
1145360,Hades,March 2021,"9,738.1","-1,110.9","18,007"
1145360,Hades,January 2021,"18,775.5","+1,173.0","35,048"
1145360,Hades,November 2020,"18,029.9","-1,557.2","30,509"
1145360,Hades,September 2020,"11,325.5","+10,058.0","37,586"
1145360,Hades,July 2020,"2,471.4",+716.5,"4,995"
1145360,Hades,May 2020,"1,956.8",+959.1,"6,070"
1145360,Hades,March 2020,"2,077.3",-434.1,"5,941"
1145360,Hades,January 2020,"4,234.5",-154.4,"8,086"
2527500,MiSide,Last 30 Days,"1,405.6","-1,436.8","3,223"
2527500,MiSide,January 2025,"6,500.0","-2,966.6","17,260"
294100,RimWorld,Last 30 Days,"23,060.5",-621.1,"36,105"
294100,RimWorld,January 2025,"23,633.2","+2,350.5","34,240"
294100,RimWorld,November 2024,"20,421.2",-348.3,"28,831"
294100,RimWorld,September 2024,"20,053.8","-1,910.3","29,619"
294100,RimWorld,July 2024,"21,545.3",+342.6,"31,362"
294100,RimWorld,May 2024,"27,322.4","-5,662.9","46,527"
294100,RimWorld,March 2024,"20,299.9","+2,191.3","31,539"
294100,RimWorld,January 2024,"19,156.9",-192.4,"27,401"
294100,RimWorld,November 2023,"19,232.6",+435.6,"28,208"
294100,RimWorld,September 2023,"16,224.4","-2,626.4","24,980"
294100,RimWorld,July 2023,"20,756.5","+3,338.9","28,545"
294100,RimWorld,May 2023,"19,138.2",+335.7,"28,614"
294100,RimWorld,March 2023,"17,840.7","-2,205.2","25,891"
294100,RimWorld,January 2023,"23,151.3",+521.5,"31,951"
294100,RimWorld,November 2022,"31,705.0","+6,373.8","54,009"
294100,RimWorld,September 2022,"17,604.5","-2,616.5","26,309"
294100,RimWorld,July 2022,"19,501.8","+1,609.2","28,853"
294100,RimWorld,May 2022,"18,307.4",+461.0,"25,979"
294100,RimWorld,March 2022,"17,259.1",-721.1,"24,915"
294100,RimWorld,January 2022,"18,436.2","+2,276.6","25,439"
294100,RimWorld,November 2021,"15,875.3",-890.1,"22,404"
294100,RimWorld,September 2021,"20,348.7","-9,109.2","31,984"
294100,RimWorld,July 2021,"25,239.4","+9,208.1","50,850"
294100,RimWorld,May 2021,"14,855.8",+368.4,"20,751"
294100,RimWorld,March 2021,"14,895.8","-3,527.5","21,941"
294100,RimWorld,January 2021,"18,661.3","+4,384.2","26,982"
294100,RimWorld,November 2020,"14,769.2",+918.2,"20,737"
294100,RimWorld,September 2020,"15,326.4","-1,202.8","22,093"
294100,RimWorld,July 2020,"15,243.4",+946.0,"20,531"
294100,RimWorld,May 2020,"14,814.2","-2,757.6","21,491"
294100,RimWorld,March 2020,"26,111.8","+10,674.8","41,637"
294100,RimWorld,January 2020,"12,110.7","+2,141.3","18,083"
294100,RimWorld,November 2019,"10,029.6",-15.5,"15,292"
294100,RimWorld,September 2019,"10,463.4",-953.1,"16,282"
294100,RimWorld,July 2019,"10,041.9",-333.2,"15,208"
294100,RimWorld,May 2019,"10,834.3",+201.0,"16,594"
294100,RimWorld,March 2019,"10,593.2","-1,078.8","15,920"
294100,RimWorld,January 2019,"11,907.6","+1,810.2","18,208"
294100,RimWorld,November 2018,"13,297.6",+290.0,"23,774"
294100,RimWorld,September 2018,"9,627.7","+2,178.6","15,159"
294100,RimWorld,July 2018,"7,802.9","+1,284.6","12,450"
294100,RimWorld,May 2018,"6,298.0",-210.9,"9,555"
294100,RimWorld,March 2018,"6,224.0",-155.6,"9,644"
294100,RimWorld,January 2018,"7,674.4",-726.1,"12,072"
294100,RimWorld,November 2017,"7,031.7","+1,278.7","14,223"
294100,RimWorld,September 2017,"5,737.7",-387.2,"9,066"
294100,RimWorld,July 2017,"6,718.7",-614.3,"10,193"
294100,RimWorld,May 2017,"5,702.4",+359.2,"11,795"
294100,RimWorld,March 2017,"5,593.8",-791.5,"9,027"
294100,RimWorld,January 2017,"8,306.0","+3,165.0","13,447"
294100,RimWorld,November 2016,"3,949.1",-573.1,"6,218"
294100,RimWorld,September 2016,"6,123.2","-1,684.7","10,259"
294100,RimWorld,July 2016,"4,700.6","+4,698.7","14,984"
294100,RimWorld,May 2016,1.3,,3
524220,NieRAutomata,Last 30 Days,"1,034.3",+66.4,"2,770"
524220,NieRAutomata,January 2025,"1,073.4",-128.3,"1,955"
524220,NieRAutomata,November 2024,731.0,-155.8,"2,062"
524220,NieRAutomata,September 2024,"1,055.9",+160.7,"2,659"
524220,NieRAutomata,July 2024,"1,347.8",+571.4,"2,925"
524220,NieRAutomata,May 2024,"1,296.8",+190.0,"3,259"
524220,NieRAutomata,March 2024,"1,266.5",+480.4,"3,346"
524220,NieRAutomata,January 2024,"1,279.4",-8.4,"2,636"
524220,NieRAutomata,November 2023,502.5,-37.9,898
524220,NieRAutomata,September 2023,740.2,-84.9,"1,415"
524220,NieRAutomata,July 2023,"1,200.8",+497.6,"2,141"
524220,NieRAutomata,May 2023,"1,112.1",-351.7,"2,697"
524220,NieRAutomata,March 2023,"1,735.4",+936.0,"5,924"
524220,NieRAutomata,January 2023,"1,089.8",+448.6,"1,881"
524220,NieRAutomata,November 2022,556.5,-80.3,974
524220,NieRAutomata,September 2022,596.0,-115.8,"1,146"
524220,NieRAutomata,July 2022,780.2,+67.7,"1,290"
524220,NieRAutomata,May 2022,770.8,-265.1,"1,434"
524220,NieRAutomata,March 2022,"1,290.4",+401.9,"3,580"
524220,NieRAutomata,January 2022,"1,472.9",+217.1,"3,346"
524220,NieRAutomata,November 2021,822.5,"-1,139.7","1,561"
524220,NieRAutomata,September 2021,749.8,-133.1,"2,572"
524220,NieRAutomata,July 2021,912.2,-44.4,"1,776"
524220,NieRAutomata,May 2021,"2,484.4","+1,308.8","6,214"
524220,NieRAutomata,March 2021,"1,087.7",-240.7,"1,992"
524220,NieRAutomata,January 2021,"2,147.6",+830.3,"4,530"
524220,NieRAutomata,November 2020,"1,034.7","-1,385.2","1,893"
524220,NieRAutomata,September 2020,"1,546.5",+649.3,"7,036"
524220,NieRAutomata,July 2020,929.7,-4.3,"1,439"
524220,NieRAutomata,May 2020,"1,188.1",-436.0,"2,192"
524220,NieRAutomata,March 2020,"2,906.1","+1,779.5","9,447"
524220,NieRAutomata,January 2020,854.6,-191.2,"1,423"
524220,NieRAutomata,November 2019,689.8,-13.2,"1,248"
524220,NieRAutomata,September 2019,825.1,-373.0,"1,463"
524220,NieRAutomata,July 2019,"1,038.4",+241.9,"3,404"
524220,NieRAutomata,May 2019,"1,117.7",+410.2,"2,903"
524220,NieRAutomata,March 2019,989.8,+277.5,"2,236"
524220,NieRAutomata,January 2019,830.3,-247.6,"1,423"
524220,NieRAutomata,November 2018,"1,024.7",-225.7,"3,164"
524220,NieRAutomata,September 2018,"1,175.0",+505.9,"3,922"
524220,NieRAutomata,July 2018,898.3,-129.3,"1,434"
524220,NieRAutomata,May 2018,"1,916.8",+197.3,"5,070"
524220,NieRAutomata,March 2018,"3,519.9","+2,702.3","8,280"
524220,NieRAutomata,January 2018,"1,162.7",-192.7,"2,117"
524220,NieRAutomata,November 2017,"1,107.4",+167.1,"3,610"
524220,NieRAutomata,September 2017,"1,858.5",+743.7,"4,378"
524220,NieRAutomata,July 2017,"2,337.5",+313.7,"5,671"
524220,NieRAutomata,May 2017,"3,405.7",-970.2,"8,927"
524220,NieRAutomata,March 2017,"11,878.0",,"23,813"
2183900,"Warhammer 40,000: Space Marine 2",Last 30 Days,"6,717.9","-1,737.4","13,591"
2183900,"Warhammer 40,000: Space Marine 2",January 2025,"8,462.6","-1,488.0","19,670"
2183900,"Warhammer 40,000: Space Marine 2",November 2024,"10,724.0","-14,723.4","24,297"
2183900,"Warhammer 40,000: Space Marine 2",September 2024,"77,349.7",,"186,199"
2246340,Monster_Hunter_Wilds,Last 30 Days,"330,010.0",,"1,179,869"
1295660,Sid Meier's Civilization VII,Last 30 Days,"19,265.8","-21,725.1","39,765"
1172470,Apex Legends,Last 30 Days,"89,441.7","-5,657.8","185,193"
1172470,Apex Legends,January 2025,"69,580.2","-4,616.2","153,693"
1172470,Apex Legends,November 2024,"91,362.1","+6,259.5","225,795"
1172470,Apex Legends,September 2024,"107,227.3","-12,781.3","249,334"
1172470,Apex Legends,July 2024,"116,747.2","-22,989.2","265,369"
1172470,Apex Legends,May 2024,"167,424.5",+656.6,"425,742"
1172470,Apex Legends,March 2024,"189,218.5","+3,556.9","463,933"
1172470,Apex Legends,January 2024,"146,164.2","+1,716.4","344,621"
1172470,Apex Legends,November 2023,"167,295.6","-14,124.8","438,349"
1172470,Apex Legends,September 2023,"186,494.4","-2,397.4","452,991"
1172470,Apex Legends,July 2023,"166,199.1","-22,901.9","349,762"
1172470,Apex Legends,May 2023,"227,947.4","+5,198.0","584,294"
1172470,Apex Legends,March 2023,"255,792.2","-1,624.5","603,290"
1172470,Apex Legends,January 2023,"197,969.0","+27,086.3","413,670"
1172470,Apex Legends,November 2022,"172,345.5",+168.8,"403,157"
1172470,Apex Legends,September 2022,"221,826.6","-8,606.2","497,242"
1172470,Apex Legends,July 2022,"183,161.3","+5,424.9","347,314"
1172470,Apex Legends,May 2022,"195,551.6","+2,953.1","411,183"
1172470,Apex Legends,March 2022,"183,596.7","-20,057.1","353,623"
1172470,Apex Legends,January 2022,"145,582.9","+23,474.7","264,287"
1172470,Apex Legends,November 2021,"136,245.9","+7,716.5","318,330"
1172470,Apex Legends,September 2021,"139,648.0","-29,880.2","273,617"
1172470,Apex Legends,July 2021,"131,151.1","-5,288.8","262,129"
1172470,Apex Legends,May 2021,"164,238.0","+39,332.9","330,879"
1172470,Apex Legends,March 2021,"126,121.1","+5,138.4","228,439"
1172470,Apex Legends,January 2021,"71,766.7","+7,297.0","129,928"
1172470,Apex Legends,November 2020,"74,957.3",,"117,193"
1240440,Halo_Infinite,Last 30 Days,"2,160.1",-281.6,"4,826"
1240440,Halo_Infinite,January 2025,"2,615.4",+445.9,"6,807"
1240440,Halo_Infinite,November 2024,"2,482.7",+217.6,"6,002"
1240440,Halo_Infinite,September 2024,"2,198.9",-123.1,"4,461"
1240440,Halo_Infinite,July 2024,"2,209.4",-50.3,"4,959"
1240440,Halo_Infinite,May 2024,"2,884.1",-438.9,"6,229"
1240440,Halo_Infinite,March 2024,"4,191.9","-1,089.5","8,727"
1240440,Halo_Infinite,January 2024,"4,201.0",-449.1,"13,945"
1240440,Halo_Infinite,November 2023,"5,485.6",-44.2,"12,683"
1240440,Halo_Infinite,September 2023,"3,057.1",-448.5,"6,725"
1240440,Halo_Infinite,July 2023,"3,407.9",+391.3,"6,817"
1240440,Halo_Infinite,May 2023,"2,716.6",-512.5,"5,504"
1240440,Halo_Infinite,March 2023,"4,210.6",+965.7,"12,705"
1240440,Halo_Infinite,January 2023,"3,842.2",-126.8,"7,563"
1240440,Halo_Infinite,November 2022,"4,065.0","+1,343.3","12,906"
1240440,Halo_Infinite,September 2022,"3,471.6",-113.7,"7,941"
1240440,Halo_Infinite,July 2022,"3,840.6",-462.7,"7,680"
1240440,Halo_Infinite,May 2022,"6,418.6","+1,149.5","21,369"
1240440,Halo_Infinite,March 2022,"6,335.8","-5,354.2","15,961"
1240440,Halo_Infinite,January 2022,"23,403.5","-28,485.8","62,371"
1240440,Halo_Infinite,November 2021,"102,732.3",,"256,619"
1124300,HUMANKIND,Last 30 Days,766.2,-355.4,"1,594"
1124300,HUMANKIND,January 2025,887.2,+169.1,"2,755"
1124300,HUMANKIND,November 2024,661.0,+11.3,"1,312"
1124300,HUMANKIND,September 2024,868.8,-16.4,"1,787"
1124300,HUMANKIND,July 2024,"1,184.3",+412.8,"2,626"
1124300,HUMANKIND,May 2024,756.0,-99.0,"1,401"
1124300,HUMANKIND,March 2024,763.6,-44.7,"1,541"
1124300,HUMANKIND,January 2024,960.7,+186.2,"1,939"
1124300,HUMANKIND,November 2023,749.3,-176.3,"1,613"
1124300,HUMANKIND,September 2023,"1,214.6",+401.7,"3,206"
1124300,HUMANKIND,July 2023,"1,188.3",+462.4,"2,389"
1124300,HUMANKIND,May 2023,"1,423.5",+296.3,"4,195"
1124300,HUMANKIND,March 2023,770.9,-28.0,"1,511"
1124300,HUMANKIND,January 2023,952.3,+109.1,"2,141"
1124300,HUMANKIND,November 2022,"1,044.1",-198.8,"2,295"
1124300,HUMANKIND,September 2022,938.3,-273.1,"1,791"
1124300,HUMANKIND,July 2022,"1,180.3",-40.7,"2,192"
1124300,HUMANKIND,May 2022,"1,122.7",-32.4,"2,172"
1124300,HUMANKIND,March 2022,"1,132.0",-261.2,"2,165"
1124300,HUMANKIND,January 2022,"1,878.9",+150.5,"4,112"
1124300,HUMANKIND,November 2021,"2,052.6",-418.2,"4,076"
1124300,HUMANKIND,September 2021,"7,297.9","-17,670.4","18,814"
2878980,NBA 2K25,Last 30 Days,"22,304.9","-2,132.5","40,939"
2878980,NBA 2K25,January 2025,"19,177.7",-327.7,"34,568"
2878980,NBA 2K25,November 2024,"17,842.4","+1,526.0","32,508"
2878980,NBA 2K25,September 2024,"21,290.1",,"40,434"
216150,MapleStory,Last 30 Days,"6,225.9",+3.0,"9,913"
216150,MapleStory,January 2025,"6,813.9",-214.2,"9,694"
216150,MapleStory,November 2024,"6,419.9",+819.5,"11,023"
216150,MapleStory,September 2024,"5,907.7",-988.4,"8,939"
216150,MapleStory,July 2024,"7,179.9",+23.9,"10,967"
216150,MapleStory,May 2024,"5,574.6",+861.2,"8,566"
216150,MapleStory,March 2024,"4,252.5",-768.5,"6,430"
216150,MapleStory,January 2024,"10,028.2","+2,695.9","13,831"
216150,MapleStory,November 2023,"5,445.9",+702.8,"9,876"
216150,MapleStory,September 2023,"4,928.5",-130.2,"7,561"
216150,MapleStory,July 2023,"5,024.7",+718.0,"7,368"
216150,MapleStory,May 2023,"3,140.9",-50.4,"4,489"
216150,MapleStory,March 2023,"3,237.9",-26.1,"5,684"
216150,MapleStory,January 2023,"3,501.6",-15.1,"5,452"
216150,MapleStory,November 2022,"3,309.2",+611.8,"7,015"
216150,MapleStory,September 2022,"2,719.9",-381.6,"4,047"
216150,MapleStory,July 2022,"3,553.7",+344.1,"6,883"
216150,MapleStory,May 2022,"2,171.1",+579.7,"3,055"
216150,MapleStory,March 2022,"1,513.7",-373.8,"2,505"
216150,MapleStory,January 2022,"2,278.1",+111.1,"3,582"
216150,MapleStory,November 2021,"2,213.5",+199.7,"3,322"
216150,MapleStory,September 2021,"2,253.8",+37.1,"3,265"
216150,MapleStory,July 2021,"2,368.0",-289.4,"3,446"
216150,MapleStory,May 2021,"2,542.7",+262.9,"3,634"
216150,MapleStory,March 2021,"2,227.9",+48.4,"3,873"
216150,MapleStory,January 2021,"2,519.1",+24.8,"3,849"
216150,MapleStory,November 2020,"1,791.8",+107.2,"3,311"
216150,MapleStory,September 2020,"2,176.2",-301.6,"3,103"
216150,MapleStory,July 2020,"3,104.4",+77.4,"4,918"
216150,MapleStory,May 2020,"2,910.6",+720.4,"3,942"
216150,MapleStory,March 2020,"1,140.8",+334.4,"2,545"
216150,MapleStory,January 2020,"1,318.0",-99.3,"1,862"
216150,MapleStory,November 2019,829.9,+204.7,"1,809"
216150,MapleStory,September 2019,811.1,-364.7,"1,171"
216150,MapleStory,July 2019,"1,409.4",+26.3,"2,041"
216150,MapleStory,May 2019,755.3,+276.0,"1,158"
216150,MapleStory,March 2019,471.2,-95.2,896
216150,MapleStory,January 2019,837.6,-93.8,"1,296"
216150,MapleStory,November 2018,641.3,+72.1,"1,205"
216150,MapleStory,September 2018,706.5,-411.3,"1,153"
216150,MapleStory,July 2018,"1,499.0",+547.1,"2,158"
216150,MapleStory,May 2018,913.0,-194.7,"1,600"
216150,MapleStory,March 2018,765.5,+9.0,"1,314"
216150,MapleStory,January 2018,989.5,-476.6,"2,080"
216150,MapleStory,November 2017,761.0,+101.9,"1,565"
216150,MapleStory,September 2017,622.2,-390.3,"1,063"
216150,MapleStory,July 2017,"1,103.4",+275.9,"1,847"
216150,MapleStory,May 2017,702.9,-10.9,"1,309"
216150,MapleStory,March 2017,579.7,-125.5,"1,077"
216150,MapleStory,January 2017,"1,094.7",-431.0,"2,099"
216150,MapleStory,November 2016,595.6,+204.4,"1,655"
216150,MapleStory,September 2016,435.7,-209.1,943
216150,MapleStory,July 2016,823.9,+187.8,"1,745"
216150,MapleStory,May 2016,448.1,-29.8,945
216150,MapleStory,March 2016,473.6,-54.1,963
216150,MapleStory,January 2016,812.3,-587.3,"1,756"
216150,MapleStory,November 2015,473.0,+96.2,992
216150,MapleStory,September 2015,405.5,-198.1,916
216150,MapleStory,July 2015,669.0,+161.0,"1,427"
216150,MapleStory,May 2015,532.2,+111.6,"1,090"
216150,MapleStory,March 2015,425.1,+37.5,999
216150,MapleStory,January 2015,351.9,+51.3,715
216150,MapleStory,November 2014,280.5,+12.4,625
216150,MapleStory,September 2014,275.0,-149.1,595
216150,MapleStory,July 2014,628.8,+229.8,"1,272"
216150,MapleStory,May 2014,295.7,+36.4,600
216150,MapleStory,March 2014,266.6,+41.8,656
216150,MapleStory,January 2014,344.8,-202.4,801
216150,MapleStory,November 2013,335.8,+117.7,750
216150,MapleStory,September 2013,283.9,-109.4,740
216150,MapleStory,July 2013,253.6,-139.4,686
216150,MapleStory,May 2013,464.7,-73.7,"1,044"
216150,MapleStory,March 2013,446.4,-94.7,"1,069"
216150,MapleStory,January 2013,746.5,-39.7,"1,857"
216150,MapleStory,November 2012,368.8,+14.1,810
216150,MapleStory,September 2012,531.9,-544.9,"1,582"
1180320,War_of_the_Three_Kingdoms,Last 30 Days,"1,520.9",+128.3,"3,608"
1180320,War_of_the_Three_Kingdoms,January 2025,"1,382.3",-180.3,"3,071"
1180320,War_of_the_Three_Kingdoms,November 2024,"1,617.9",+161.6,"3,526"
1180320,War_of_the_Three_Kingdoms,September 2024,"1,330.9",+104.1,"3,175"
1180320,War_of_the_Three_Kingdoms,July 2024,"1,275.0",+119.5,"2,934"
1180320,War_of_the_Three_Kingdoms,May 2024,"1,051.5",-72.2,"2,378"
1180320,War_of_the_Three_Kingdoms,March 2024,"1,065.7",+77.9,"2,469"
1180320,War_of_the_Three_Kingdoms,January 2024,984.3,-74.7,"2,046"
1180320,War_of_the_Three_Kingdoms,November 2023,974.5,-19.8,"2,400"
1180320,War_of_the_Three_Kingdoms,September 2023,863.3,+79.8,"1,998"
1180320,War_of_the_Three_Kingdoms,July 2023,656.7,+45.6,"1,248"
1180320,War_of_the_Three_Kingdoms,May 2023,501.4,+10.3,"1,095"
1180320,War_of_the_Three_Kingdoms,March 2023,446.6,+50.7,"1,043"
1180320,War_of_the_Three_Kingdoms,January 2023,383.4,+1.2,770
1180320,War_of_the_Three_Kingdoms,November 2022,383.3,+66.9,832
1180320,War_of_the_Three_Kingdoms,September 2022,337.5,+18.1,683
1180320,War_of_the_Three_Kingdoms,July 2022,281.4,+20.9,523
1180320,War_of_the_Three_Kingdoms,May 2022,266.1,+13.0,514
1180320,War_of_the_Three_Kingdoms,March 2022,245.6,+49.1,552
1180320,War_of_the_Three_Kingdoms,January 2022,215.3,-124.1,413
730,Counter-Strike 2,Last 30 Days,"1,036,787.3","+33,216.7","1,818,368"
730,Counter-Strike 2,January 2025,"914,092.2",+138.9,"1,594,016"
730,Counter-Strike 2,November 2024,"852,164.3","+22,725.5","1,556,938"
730,Counter-Strike 2,September 2024,"836,306.7","-61,031.2","1,473,144"
730,Counter-Strike 2,July 2024,"875,365.1","-72,155.4","1,342,171"
730,Counter-Strike 2,May 2024,"958,207.3","+27,458.4","1,614,925"
730,Counter-Strike 2,March 2024,"885,629.7","+98,998.9","1,521,796"
730,Counter-Strike 2,January 2024,"760,859.2","-9,235.6","1,277,907"
730,Counter-Strike 2,November 2023,"714,511.4","-77,613.5","1,161,043"
730,Counter-Strike 2,September 2023,"976,138.0","+53,985.1","1,556,326"
730,Counter-Strike 2,July 2023,"881,690.9","-204,275.9","1,222,913"
730,Counter-Strike 2,May 2023,"1,117,517.4","+199,431.8","1,802,853"
730,Counter-Strike 2,March 2023,"843,474.5","+38,368.6","1,519,457"
730,Counter-Strike 2,January 2023,"726,150.3","+96,825.3","1,199,684"
730,Counter-Strike 2,November 2022,"621,006.0","+12,656.5","1,129,095"
730,Counter-Strike 2,September 2022,"618,776.0","-22,668.7","1,100,366"
730,Counter-Strike 2,July 2022,"594,453.1","+22,230.6","928,329"
730,Counter-Strike 2,May 2022,"564,961.7","-4,021.5","923,996"
730,Counter-Strike 2,March 2022,"581,489.7","-53,148.7","987,993"
730,Counter-Strike 2,January 2022,"602,376.3","+55,762.1","991,625"
730,Counter-Strike 2,November 2021,"548,161.7","+35,725.8","935,593"
730,Counter-Strike 2,September 2021,"512,350.9",+269.0,"942,519"
730,Counter-Strike 2,July 2021,"506,067.4","-43,279.7","763,523"
730,Counter-Strike 2,May 2021,"659,888.9","-63,457.6","1,087,197"
730,Counter-Strike 2,March 2021,"740,927.8",-85.4,"1,198,581"
730,Counter-Strike 2,January 2021,"743,209.7","+25,405.9","1,124,553"
730,Counter-Strike 2,November 2020,"668,754.6","+55,087.9","1,037,464"
730,Counter-Strike 2,September 2020,"606,850.3","-33,107.3","977,769"
730,Counter-Strike 2,July 2020,"625,900.8","-45,746.7","857,560"
730,Counter-Strike 2,May 2020,"768,795.3","-88,809.0","1,193,359"
730,Counter-Strike 2,March 2020,"671,033.3","+127,054.1","1,145,972"
730,Counter-Strike 2,January 2020,"501,196.0","+44,494.4","817,229"
730,Counter-Strike 2,November 2019,"426,080.8","+17,085.5","758,412"
730,Counter-Strike 2,September 2019,"410,925.6","-4,171.7","720,052"
730,Counter-Strike 2,July 2019,"393,782.8","+4,406.1","578,933"
730,Counter-Strike 2,May 2019,"364,417.3","+12,427.4","588,453"
730,Counter-Strike 2,March 2019,"390,240.2","+18,881.2","680,071"
730,Counter-Strike 2,January 2019,"401,366.9","+5,857.6","684,511"
730,Counter-Strike 2,November 2018,"310,085.4","-15,822.4","546,031"
730,Counter-Strike 2,September 2018,"333,164.0","+49,632.7","583,029"
730,Counter-Strike 2,July 2018,"273,307.3","+6,445.0","426,008"
730,Counter-Strike 2,May 2018,"262,170.9","-26,905.8","454,481"
730,Counter-Strike 2,March 2018,"354,270.3","-28,186.8","672,502"
730,Counter-Strike 2,January 2018,"382,030.5","+41,153.7","715,850"
730,Counter-Strike 2,November 2017,"321,131.4","-20,729.9","601,881"
730,Counter-Strike 2,September 2017,"354,402.1","-20,023.6","665,371"
730,Counter-Strike 2,July 2017,"377,589.0","+3,201.0","624,785"
730,Counter-Strike 2,May 2017,"371,829.3","-20,369.8","692,966"
730,Counter-Strike 2,March 2017,"386,908.7","-15,477.0","742,356"
730,Counter-Strike 2,January 2017,"393,109.5","+50,913.8","814,616"
730,Counter-Strike 2,November 2016,"329,045.3","-4,031.2","627,124"
730,Counter-Strike 2,September 2016,"322,525.9","-24,703.4","638,360"
730,Counter-Strike 2,July 2016,"353,777.6","+19,466.5","636,056"
730,Counter-Strike 2,May 2016,"338,738.4","-37,057.5","668,612"
730,Counter-Strike 2,March 2016,"379,427.0","+3,141.9","737,599"
730,Counter-Strike 2,January 2016,"365,371.1","-12,076.0","667,432"
730,Counter-Strike 2,November 2015,"360,925.9","-1,840.2","786,707"
730,Counter-Strike 2,September 2015,"355,905.3","-1,629.9","725,939"
730,Counter-Strike 2,July 2015,"329,532.4","-14,623.6","541,181"
730,Counter-Strike 2,May 2015,"317,286.3","+25,537.5","677,701"
730,Counter-Strike 2,March 2015,"267,996.3","+28,061.7","595,439"
730,Counter-Strike 2,January 2015,"234,070.7","+50,481.2","443,188"
730,Counter-Strike 2,November 2014,"147,329.1","+13,791.4","348,018"
730,Counter-Strike 2,September 2014,"131,034.7","-2,151.1","242,494"
730,Counter-Strike 2,July 2014,"106,138.0","+21,974.4","193,613"
730,Counter-Strike 2,May 2014,"84,925.0","+6,044.5","170,137"
730,Counter-Strike 2,March 2014,"70,143.3","+10,352.0","164,495"
730,Counter-Strike 2,January 2014,"55,627.3","+8,839.1","102,084"
730,Counter-Strike 2,November 2013,"29,890.5","+1,988.4","92,279"
730,Counter-Strike 2,September 2013,"27,678.9","+1,717.1","52,052"
730,Counter-Strike 2,July 2013,"20,492.5","+2,372.7","42,149"
730,Counter-Strike 2,May 2013,"18,710.3","+2,704.3","53,379"
730,Counter-Strike 2,March 2013,"15,959.9","-1,412.8","32,166"
730,Counter-Strike 2,January 2013,"16,164.2","+2,084.8","31,359"
730,Counter-Strike 2,November 2012,"14,134.1","+3,394.6","50,533"
730,Counter-Strike 2,September 2012,"16,000.8",+525.4,"36,057"
730,Counter-Strike 2,July 2012,932.6,,"1,642"
2357570,Overwatch® 2,Last 30 Days,"24,778.0",+688.1,"40,105"
2357570,Overwatch® 2,January 2025,"19,508.8","-5,783.1","36,182"
2357570,Overwatch® 2,November 2024,"32,257.3","-2,082.3","56,607"
2357570,Overwatch® 2,September 2024,"35,406.0",+773.6,"59,499"
2357570,Overwatch® 2,July 2024,"29,393.6","+1,198.9","51,648"
2357570,Overwatch® 2,May 2024,"28,625.9","-1,087.0","51,505"
2357570,Overwatch® 2,March 2024,"26,580.3","+1,903.2","45,666"
2357570,Overwatch® 2,January 2024,"20,152.5",-590.1,"35,307"
2357570,Overwatch® 2,November 2023,"20,736.4","+1,435.0","38,886"
2357570,Overwatch® 2,September 2023,"17,863.4","-10,463.8","33,414"
1367080,MOBILE SUIT GUNDAM BATTLE OPERATION 2,Last 30 Days,738.7,-75.3,"2,070"
1367080,MOBILE SUIT GUNDAM BATTLE OPERATION 2,January 2025,791.4,-90.6,"2,085"
1367080,MOBILE SUIT GUNDAM BATTLE OPERATION 2,November 2024,893.0,-147.2,"2,858"
1367080,MOBILE SUIT GUNDAM BATTLE OPERATION 2,September 2024,906.3,-13.5,"3,135"
1367080,MOBILE SUIT GUNDAM BATTLE OPERATION 2,July 2024,947.6,-425.8,"2,437"
1367080,MOBILE SUIT GUNDAM BATTLE OPERATION 2,May 2024,"1,072.6",+11.3,"3,908"
1367080,MOBILE SUIT GUNDAM BATTLE OPERATION 2,March 2024,"1,173.1",-130.7,"3,304"
1367080,MOBILE SUIT GUNDAM BATTLE OPERATION 2,January 2024,"1,179.1",+37.1,"3,883"
1367080,MOBILE SUIT GUNDAM BATTLE OPERATION 2,November 2023,"1,209.0",-448.4,"3,468"
1367080,MOBILE SUIT GUNDAM BATTLE OPERATION 2,September 2023,"1,446.8",-424.8,"4,101"
1367080,MOBILE SUIT GUNDAM BATTLE OPERATION 2,July 2023,"3,222.0","-2,460.9","8,189"
2537590,Microsoft Flight Simulator 2024,Last 30 Days,"2,366.0",-23.7,"4,421"
2537590,Microsoft Flight Simulator 2024,January 2025,"3,022.7",-856.7,"5,785"
2537590,Microsoft Flight Simulator 2024,November 2024,"6,065.5",,"10,600"
