steam_id,game_time,recommend,helpful_count,review_date,review_comment,early_access,refund,game_id,name
Private ID,65.6 hrs on record,Recommended,721 people found this review helpful,"Posted: May 23, 2024",10/10 would dig in trash again,Full_Release,not refunded,413150,Stardew Valley
76561198111477632,255.6 hrs on record,Recommended,518 people found this review helpful,"Posted: April 7, 2024","And after all these years, I've finally reached the summit ‚ù§.",Full_Release,not refunded,413150,Stardew Valley
76561199208930069,127.8 hrs on record,Recommended,535 people found this review helpful,"Posted: May 12, 2024",i like this more than my real life,Full_Release,not refunded,413150,Stardew Valley
76561199235027626,195.9 hrs on record,Recommended,293 people found this review helpful,"Posted: May 18, 2024",I thought it would be chill and relaxing but I am grinding for my life. 10/10.,Full_Release,not refunded,413150,Stardew Valley
76561199310310079,33.5 hrs on record,Recommended,288 people found this review helpful,Posted: March 9,"Very good game. started a farm with my girlfriend after she recommended we play it, and we play it whenever we have nothing else to do. she helps show me around the game mechanics and all the little things you need to do to be successful. guess this is more of a girlfriend review, this will be my first and last as im gonna marry this one. 10/10. would love forever,",Full_Release,not refunded,413150,Stardew Valley
76561199070290137,243.2 hrs on record,Recommended,299 people found this review helpful,"Posted: October 7, 2024","I have played this game for 690 hours, 450 on the switch, 250 on my computer. My cat in real life is named Junimo. I love this game so much, and little Junimo is the light of my life.",Full_Release,not refunded,413150,Stardew Valley
76561199108764880,517.4 hrs on record,Recommended,349 people found this review helpful,"Posted: June 6, 2024",this game cured my depression,Full_Release,not refunded,413150,Stardew Valley
76561198083880836,11.6 hrs on record,Recommended,"4,189 people found this review helpful","Posted: June 24, 2024",like if you think I'm gay,Full_Release,not refunded,413150,Stardew Valley
76561198109854496,"1,075.3 hrs on record",Recommended,282 people found this review helpful,"Posted: November 29, 2024","I love this game. It's like a warm comfortable blanket, a favorite cup of coffee or tea. It's a happy place to go when feeling stressed. It's great fun alone or with friends. With over a one thousand hours spent within, I know I'll return again and again.",Full_Release,not refunded,413150,Stardew Valley
76561198142247081,7.8 hrs on record,Recommended,261 people found this review helpful,"Posted: June 25, 2024","""It's been a loooooooooooooooooooooooong time""",Full_Release,not refunded,620,Portal 2
76561199205240037,14.5 hrs on record,Recommended,254 people found this review helpful,"Posted: May 18, 2024",Step 8: Feel good about yourself,Full_Release,not refunded,620,Portal 2
76561198365608384,12.0 hrs on record,Recommended,179 people found this review helpful,"Posted: July 3, 2024",Insulted by a woman robot for 5 hours,Full_Release,not refunded,620,Portal 2
76561199133826308,22.1 hrs on record,Recommended,152 people found this review helpful,"Posted: April 12, 2024",WHERE IS THE 3RD GAME VALVE,Full_Release,not refunded,620,Portal 2
76561198007888370,18.5 hrs on record,Recommended,107 people found this review helpful,"Posted: December 14, 2024",10000/10,Full_Release,not refunded,620,Portal 2
76561198869617365,8.2 hrs on record,Recommended,65 people found this review helpful,"Posted: October 30, 2024",‚òê 10,Full_Release,not refunded,620,Portal 2
76561198173086579,10.6 hrs on record,Recommended,64 people found this review helpful,"Posted: June 1, 2024","Literally amazing. Came for the puzzles, stayed for the lore.",Full_Release,not refunded,620,Portal 2
76561199697272356,7.9 hrs on record,Recommended,54 people found this review helpful,"Posted: November 17, 2024","Life-changing, first proper story game I've played and a damn good one to start with, couldn't recommend more if i tried.",Full_Release,not refunded,620,Portal 2
76561198204537111,61.0 hrs on record,Recommended,34 people found this review helpful,"Posted: December 20, 2024",Nobody will read my review so I Will Eat 1 Tablespoon of hotsauce For Every Like this gets.,Full_Release,not refunded,620,Portal 2
76561199180267373,10.1 hrs on record,Recommended,119 people found this review helpful,"Posted: September 26, 2024",‚òê 10,Full_Release,not refunded,620,Portal 2
76561198884362801,155.0 hrs on record,Recommended,36 people found this review helpful 0,"Posted: October 20, 2024",Hilarious dialogue. Deep lore. Difficult puzzle experience. These things make this game and it's prequel my favorite video games I've played. Only complaint is there's not a third game.,Full_Release,not refunded,620,Portal 2
76561198165700155,195.2 hrs on record,Recommended,47 people found this review helpful,"Posted: May 14, 2024",Û†Ä°Û†Ä°,Full_Release,not refunded,620,Portal 2
76561199477337415,16.5 hrs on record,Recommended,60 people found this review helpful,"Posted: August 7, 2024","God, it's amazing how well this game holds up even after more than a decade. Both the singleplayer and co-op experiences are top tier in their own way. The voice acting is simply spectacular, the story is intriguing and the puzzles get progressively harder throughout the game (thus providing you with a nice learning curve). This sequel overall is a great step up from the first game and a must-have for virtually any gamer I'd say.",Full_Release,not refunded,620,Portal 2
76561199177424799,4.4 hrs on record,Recommended,52 people found this review helpful,Posted: February 2,"Overall, Portal",Full_Release,not refunded,620,Portal 2
76561199573275469,10.6 hrs on record,Recommended,33 people found this review helpful,"Posted: March 21, 2024",combustible lemons,Full_Release,not refunded,620,Portal 2
76561198378975065,22.9 hrs on record,Not Recommended,58 people found this review helpful,"Posted: May 2, 2024",100% achievement completion locked behind having friends,Full_Release,not refunded,620,Portal 2
76561198057136626,36.8 hrs on record,Recommended,25 people found this review helpful 0,"Posted: September 6, 2024",9/10.,Full_Release,not refunded,620,Portal 2
76561198986333887,11.4 hrs on record,Recommended,28 people found this review helpful 0,"Posted: June 2, 2024","This game is absolutely perfect. The puzzles and the story that has this game are one of the best I've ever seen. It's just a masterpiece. Good job, Valve.",Full_Release,not refunded,620,Portal 2
76561199220648519,9.7 hrs on record,Recommended,15 people found this review helpful,Posted: February 1,‚†Ä‚†Ä‚†Ä‚†Ä‚†Ä‚†Ä‚†Ä‚†Ä‚†Ä‚†Ä‚†Ä‚†Ä‚†Ä‚†Ä‚†Ä‚†Ä‚†Ä‚†Ä‚†Ä‚†Ä‚†Ä‚†Ä‚†Ä‚†Ä‚†Ä‚†Ä‚†Ä‚†Ä‚†Ä‚†Ä‚†Ä‚†Ä‚†Ä‚†Ä‚†Ä‚†Ä‚†Ä‚†Ä‚†Ä‚†Ä‚†Ä‚†Ä‚†Ä‚†Ä‚†Ä‚†Ä‚†Ä‚†Ä‚†Ä‚†Ä‚†Ä‚†Ä‚†Ä‚†Ä‚†Ä‚†Ä‚†Ä‚†Ä‚†Ä‚†Ä‚†Ä‚†Ä‚†Ä‚†Ä‚†Ä,Full_Release,not refunded,620,Portal 2
76561199163659913,6.3 hrs on record,Recommended,39 people found this review helpful,"Posted: April 24, 2024",mommy,Full_Release,not refunded,620,Portal 2
76561198153500795,34.3 hrs on record,Recommended,24 people found this review helpful,"Posted: April 25, 2024","""Alright I've been thinking: When life gives you lemons, don't make lemonade. Make life take the lemons back! GET MAD! I don't want your damn lemons, what am I supposed to do with these? Demand to see life's manager! Make life rue the day it thought it could give Cave Johnson lemons! Do you know who I am?! I'm the man who's gonna burn your house down! With the lemons! I'm gonna get my engineers to invent a combustible lemon that burns your house down!""",Full_Release,not refunded,620,Portal 2
76561198007845342,36.3 hrs on record,Recommended,21 people found this review helpful,Posted: January 18,You'll find it if you look at Chell from behind..,Full_Release,not refunded,620,Portal 2
76561198432882648,8.2 hrs on record,Recommended,27 people found this review helpful,"Posted: June 25, 2024",you think you are smart huh ?,Full_Release,not refunded,620,Portal 2
76561198057695365,932.8 hrs on record,Recommended,14 people found this review helpful,Posted: January 22,This game is very good the price is only 10 USD and the story and game play is advanced,Full_Release,not refunded,620,Portal 2
76561199587349406,43.8 hrs on record,Recommended,12 people found this review helpful,"Posted: September 8, 2024",best game of all time and if you don't agree then you have a very minor case of serious brain damage,Full_Release,not refunded,620,Portal 2
76561198032017170,36.4 hrs on record,Recommended,8 people found this review helpful,"Posted: November 28, 2024","A real masterpiece, under every point of view. I recommend it to everybody, without reserves.",Full_Release,not refunded,620,Portal 2
76561198029423793,87.8 hrs on record,Not Recommended,39 people found this review helpful,"Posted: May 25, 2024",The Valve guy turns his head at me and it's really scary,Full_Release,not refunded,620,Portal 2
76561199555350891,4.0 hrs on record,Recommended,22 people found this review helpful 0,"Posted: June 18, 2024",As good as Portal 1 or even better,Full_Release,not refunded,620,Portal 2
76561199619235296,17.9 hrs on record,Recommended,8 people found this review helpful 0,"Posted: December 13, 2024",This is def one of THE best video games ever made. Not only it has a rich storyline but unique and fun gameplay.,Full_Release,not refunded,620,Portal 2
76561198304969711,37.2 hrs on record,Recommended,13 people found this review helpful 0,"Posted: November 2, 2024","If you thought Portal was good, wait til you try Portal 2, it's a masterpiece. From the lore to the voice acting, the choices Valve makes to make these games is incredible. Solid 10/10. One of the great classics.",Full_Release,not refunded,620,Portal 2
76561198061097219,38.7 hrs on record,Recommended,7 people found this review helpful 0,"Posted: July 20, 2024",10 / 10,Full_Release,not refunded,620,Portal 2
76561198413110395,"3,979.0 hrs on record",Recommended,10 people found this review helpful 0,"Posted: August 10, 2024","Portal 2 is one of the best puzzle games of all time. With creative puzzles, interesting plot, and graphics that still hold up to this game, I definitely recommend it.",Full_Release,not refunded,620,Portal 2
76561199027678251,9.4 hrs on record,Recommended,6 people found this review helpful,"Posted: October 11, 2024",Ôºº‰∫å„Å§,Full_Release,not refunded,620,Portal 2
76561199237704208,9.6 hrs on record,Recommended,7 people found this review helpful 0,Posted: February 23,"I want to say this, i dont think valve is making a portal 3. But for the last portal game, its great, good story, though, some achevments are a bit odd In my say.",Full_Release,not refunded,620,Portal 2
76561198149170567,20.4 hrs on record,Recommended,5 people found this review helpful 7,"Posted: April 7, 2024","My wife said if this review gets 50 likes and 5 awards, she will buy a case of beer, guys help me out.",Full_Release,not refunded,620,Portal 2
76561198808764645,14.1 hrs on record,Recommended,5 people found this review helpful,Posted: January 11,i want glados so bad,Full_Release,not refunded,620,Portal 2
76561198868941935,23.6 hrs on record,Recommended,7 people found this review helpful 0,Posted: February 13,Takes the semi tech demo vibe of the first game and instills it an incredible story led by a legendary character and a legendary vocal performance. I don't think a third game will live up to this game's legacy and I do not think it is worth trying.,Full_Release,not refunded,620,Portal 2
76561198005297751,18.5 hrs on record,Recommended,11 people found this review helpful,"Posted: September 8, 2024","- controllers are fully supported, unlike Portal 1 and other Valve games of the era.",Full_Release,not refunded,620,Portal 2
76561198189846985,17.2 hrs on record,Recommended,6 people found this review helpful 0,"Posted: August 2, 2024",do i even have to say anything. its ‚ô•‚ô•‚ô•‚ô•‚ô•‚ô•‚ô• portal two,Full_Release,not refunded,620,Portal 2
76561198399160106,40.1 hrs on record,Recommended,7 people found this review helpful 0,Posted: January 21,This game is super fun! I really enjoy the graphics and the story line is great.,Full_Release,not refunded,620,Portal 2
76561198319110218,15.6 hrs on record,Recommended,5 people found this review helpful 1,"Posted: September 29, 2024","Initially I though it's just the co-op part, but after completing it I realized there's a whole story to this thing. Both single and multiplayer were a blast",Full_Release,not refunded,620,Portal 2
76561198986214816,6.6 hrs on record,Recommended,11 people found this review helpful,"Posted: April 3, 2024","So, ditch the boring games and dive into the hilarious world of Portal 2. Just be warned: you might end up humming show tunes and feeling a strange urge to carry a potato around. But hey, that's just the science talking.",Full_Release,not refunded,620,Portal 2
76561198170391687,65.3 hrs on record,Recommended,"4,308 people found this review helpful","Posted: December 28, 2024",The world is mad. Play Balatro.,Full_Release,not refunded,2379780,Balatro
76561198296118902,394.4 hrs on record,Recommended,"1,051 people found this review helpful","Posted: May 14, 2024",1 in 4 my a**,Full_Release,not refunded,2379780,Balatro
76561198314886651,181.9 hrs on record,Recommended,"1,265 people found this review helpful","Posted: April 30, 2024","A man walks into a casino and goes to the poker table. He pulls out a tarot card, picture of a king, and picture of a mime. The poker deck suddenly only has kings of diamonds made out of SOLID STEEL and some made out of SOLID GOLD, earning him 3 dollars each, stamped with a red wax seal and made shiny. He earns more chips than there are atoms in the known observable universe. He cashes out for 5 dollars and walks on out.",Full_Release,not refunded,2379780,Balatro
76561198133615661,126.3 hrs on record,Recommended,965 people found this review helpful,"Posted: October 24, 2024",I buy wheel of fortune : NOPE!,Full_Release,not refunded,2379780,Balatro
76561198213294805,89.0 hrs on record,Recommended,753 people found this review helpful,"Posted: March 25, 2024",Buy Balatro.,Full_Release,not refunded,2379780,Balatro
76561198280358809,556.3 hrs on record,Recommended,"1,928 people found this review helpful","Posted: December 16, 2024","It might be 35 years until we get another game quite like Balatro. But I'll keep on watching that number go up, keep on listening to that song, keep on saying ""one more go"" until we do.",Full_Release,not refunded,2379780,Balatro
76561198223318424,110.4 hrs on record,Recommended,320 people found this review helpful,"Posted: December 12, 2024","In the future, secretaries and receptionists will no longer be playing Solitaire on their computers, they will be playing Balatro instead.",Full_Release,not refunded,2379780,Balatro
76561199589381620,176.7 hrs on record,Recommended,550 people found this review helpful,"Posted: October 26, 2024","I love gambling so much (I can stop anytime I want). I especially love it in Balatro when you loose your Gros Michel, but you find your Cavendish in the next shop (I can stop anytime I want). This game is healthy for your dopamine (I can stop anytime I want), and I find it even more healthy when I find both photograph and hanging chad (I can stop anytime I want). As a professional - not addicted - gambler, I can confidently state that this game is purely exquisite (I CAN STOP ANYTIME I WANT).",Full_Release,not refunded,2379780,Balatro
76561199029912652,43.4 hrs on record,Recommended,565 people found this review helpful,"Posted: April 4, 2024",finally we got poker 2,Full_Release,not refunded,2379780,Balatro
76561198328865064,18.8 hrs on record,Recommended,781 people found this review helpful,"Posted: June 1, 2024",Wheel Of Fortune; *Loud Loss Buzzer* Aw Dangit,Full_Release,not refunded,2379780,Balatro
76561197969417125,65.9 hrs on record,Recommended,136 people found this review helpful,"Posted: July 20, 2024","Winning a run also unlocks new decks which have different starting bonuses, such as the checkered deck which has 26 spades and hearts so its really easy to play flushes, as well as adding higher difficulty levels and challenge modes, which increases replayability.",Full_Release,not refunded,2379780,Balatro
76561198092231976,76.1 hrs on record,Recommended,122 people found this review helpful,"Posted: September 30, 2024",Only complain that i have is that the developer should add some more soundtracks.,Full_Release,not refunded,2379780,Balatro
76561198060315631,126.9 hrs on record,Recommended,134 people found this review helpful,Posted: January 12,10/10 I wish The Wheel was real,Full_Release,not refunded,2379780,Balatro
76561198046565259,109.1 hrs on record,Recommended,189 people found this review helpful,"Posted: May 17, 2024",It Maths for you,Full_Release,not refunded,2379780,Balatro
76561198195656181,155.2 hrs on record,Recommended,136 people found this review helpful,"Posted: May 5, 2024",Addiction is just Dedication misspelled,Full_Release,not refunded,2379780,Balatro
76561198141634072,73.1 hrs on record,Recommended,95 people found this review helpful 6,"Posted: September 22, 2024","Balatro is deckbuilding genius, and crazy addictive. It takes maybe 10 minutes for the basic parameters of the game to make sense and then you spend the next 50 hours coming up with different strategies to make your score soar into the stratosphere like the weight on a carnival strength testing machine breaking the bell off the top of the stand. I'll also say that I think it's fantastic that a game that is so closely tied to Poker has nothing in the way of micro transactions or abuse of actual gambling. Love to see an Indie game of this pathos thriving.",Full_Release,not refunded,2379780,Balatro
76561199234422235,79.6 hrs on record,Recommended,93 people found this review helpful,"Posted: September 14, 2024","Absolutely love this game. I went into it already knowing how to play poker and I love rogue like deckbuilders so this was a no brainer for me. For anyone who loves these type of games but is on the fence because they don't know how to play poker, just play it. It lists all poker hands and it's easy to learn. I mean come on we've all had to learn way more complex mechanics in other games you know you can learn poker",Full_Release,not refunded,2379780,Balatro
76561198024720757,60.9 hrs on record,Recommended,89 people found this review helpful,Posted: February 5,Recommended!,Full_Release,not refunded,2379780,Balatro
923847095,58.5 hrs on record,Recommended,102 people found this review helpful,"Posted: April 17, 2024",the biggest joker in this game is the player,Full_Release,not refunded,2379780,Balatro
76561198440111356,39.1 hrs on record,Recommended,97 people found this review helpful,"Posted: July 31, 2024",I hate it when popular highly-rated stuff is actually good,Full_Release,not refunded,2379780,Balatro
76561198275344475,39.2 hrs on record,Recommended,87 people found this review helpful,"Posted: July 23, 2024",I have an abusive relationship with the Wheel Of Fortune tarot card...,Full_Release,not refunded,2379780,Balatro
76561198074152067,92.4 hrs on record,Recommended,231 people found this review helpful,"Posted: November 14, 2024","english version: its gud, i like, buy, ty.",Full_Release,not refunded,2379780,Balatro
76561198026407799,165.9 hrs on record,Recommended,97 people found this review helpful,"Posted: November 19, 2024","And by the way, the sticker price is conservative to say the least. Incredible value for money.",Full_Release,not refunded,2379780,Balatro
76561198037650969,66.4 hrs on record,Recommended,85 people found this review helpful,"Posted: December 2, 2024","Anyway, I can see how this game might become actual GOTY for some. I'll go play another run, just one more... yes, that's it...",Full_Release,not refunded,2379780,Balatro
76561198369698277,30.2 hrs on record,Recommended,71 people found this review helpful,Posted: March 4,"I went into this game knowing nothing about poker and came out of it becoming addicted to Balatro. You don't need to know much about poker to do well in this game, as the game is pretty simple when you first start out until you unlock more jokers and find new builds to run. I can spend hours on this game without even realizing how much time has gone by. Definitely recommend!",Full_Release,not refunded,2379780,Balatro
76561198121646377,64.2 hrs on record,Recommended,83 people found this review helpful,"Posted: June 17, 2024",This game makes me so incredibly happy that im jumping for joy at my desk and also makes me wanna punch my ‚ô•‚ô•‚ô•‚ô•‚ô•‚ô•‚ô•‚ô• monitor. 15/10 would buy it again.,Full_Release,not refunded,2379780,Balatro
76561198859298176,48.1 hrs on record,Recommended,166 people found this review helpful,"Posted: June 11, 2024",Darkest Dungeon is Balatro for babies.,Full_Release,not refunded,2379780,Balatro
76561199127962360,206.2 hrs on record,Recommended,42 people found this review helpful,Posted: February 8,yall lowk sleepin on balatro porn,Full_Release,not refunded,2379780,Balatro
76561198824679184,232.9 hrs on record,Recommended,141 people found this review helpful,"Posted: June 17, 2024",black deck sucks,Full_Release,not refunded,2379780,Balatro
76561198085135600,14.3 hrs on record,Recommended,49 people found this review helpful,"Posted: August 21, 2024","It took me almost 10 hours to get my first win, which is a good thing. This game is the perfect balance between easy to learn, hard to master. You really do get that rush of gambling, where you know that at any point an unlucky hand or two could cost you everything. There are so many different game modifiers that every run feels completely different. You get so much game for such a low price, just buy it already",Full_Release,not refunded,2379780,Balatro
76561199509223708,46.7 hrs on record,Recommended,69 people found this review helpful,"Posted: July 20, 2024","What do you get when you combine ""Leeeets go gambling"" with a greatly reduced rate of ""Aw dang it""? You get peak, that's what.",Full_Release,not refunded,2379780,Balatro
76561198173899526,213.0 hrs on record,Not Recommended,115 people found this review helpful,"Posted: April 19, 2024","Edit after another 80 hours : Since I was getting close to all achievements, I gave it more time. Done with that now. Unfortunately, it only threw light on more issues, which I added to the review.",Full_Release,not refunded,2379780,Balatro
76561199479799471,33.2 hrs on record,Recommended,32 people found this review helpful,Posted: March 2,Balatro. Balatro. Balatro. Balatro. Balatro. Balatro. Balatro. Balatro. Balatro. Balatro. Balatro. Balatro. Balatro. Balatro. Balatro. Balatro. Balatro. Balatro. Balatro. Balatro. Balatro. Balatro. Balatro. Balatro. Balatro. Balatro. Balatro. Balatro. Balatro. Balatro. Balatro. Balatro. Balatro. Balatro. Balatro. Balatro. Balatro. Balatro. Balatro. Balatro. Balatro. Balatro. Balatro. Balatro. Balatro. Balatro. Balatro. Balatro. Balatro. Balatro. Balatro. Balatro. Balatro. Balatro. Balatro. Balatro. Balatro. Balatro. Balatro. Balatro. Balatro. Balatro. Balatro. Balatro. Balatro. Balatro. Balatro. Balatro. Balatro. Balatro. Balatro. Balatro. Balatro. Balatro. Balatro. Balatro. Balatro. Balatro. Balatro. Balatro. Balatro. Balatro. Balatro. Balatro. Balatro. Balatro. Balatro. Balatro. Balatro. Balatro. Balatro. Balatro. Balatro. Balatro. Balatro. Balatro. Balatro. Balatro. Balatro. Balatro. Balatro. Balatro. Balatro. Balatro. Balatro. Balatro. Balatro. Balatro. Balatro. Balatro. Balatro. Balatro. Balatro. Balatro. Balatro. Balatro. Balatro. Balatro. Balatro. Balatro. Balatro. Balatro. Balatro. Balatro. Balatro. Balatro. Balatro. Balatro. Balatro. Balatro. Balatro. Balatro. Balatro. Balatro. Balatro. Balatro. Balatro. Balatro. Balatro. Balatro. Balatro. Balatro. Balatro. Balatro. Balatro. Balatro. Balatro. Balatro. Balatro. Balatro. Balatro. Balatro. Balatro. Balatro. Balatro. Balatro. Balatro. Balatro. Balatro. Balatro. Balatro. Balatro. Balatro. Balatro. Balatro. Balatro. Balatro. Balatro. Balatro. Balatro. Balatro. Balatro. Balatro. Balatro. Balatro. Balatro. Balatro. Balatro. Balatro. Balatro. Balatro. Balatro. Balatro. Balatro. Balatro. Balatro. Balatro. Balatro. Balatro. Balatro. Balatro. Balatro. Balatro. Balatro. Balatro. Balatro. Balatro. Balatro. Balatro. Balatro. Balatro. Balatro. Balatro. Balatro. Balatro. Balatro. Balatro. Balatro. Balatro. Balatro. Balatro. Balatro. Balatro. Balatro. Balatro. Balatro. Balatro. Balatro. Balatro. Balatro. Balatro. Balatro. Balatro. Balatro. Balatro. Balatro. Balatro. Balatro. Balatro. Balatro. Balatro. Balatro. Balatro. Balatro. Balatro. Balatro. Balatro. Balatro. Balatro. Balatro. Balatro. Balatro. Balatro. Balatro. Balatro. Balatro. Balatro. Balatro. Balatro. Balatro. Balatro. Balatro. Balatro. Balatro. Balatro. Balatro. Balatro. Balatro. Balatro. Balatro. Balatro. Balatro. Balatro. Balatro. Balatro. Balatro. Balatro. Balatro. Balatro. Balatro. Balatro. Balatro. Balatro. Balatro. Balatro. Balatro. Balatro. Balatro. Balatro. Balatro. Balatro. Balatro. Balatro. Balatro. Balatro. Balatro. Balatro. Balatro. Balatro. Balatro. Balatro. Balatro. Balatro. Balatro. Balatro. Balatro. Balatro. Balatro. Balatro. Balatro. Balatro. Balatro. Balatro. Balatro. Balatro. Balatro. Balatro. Balatro. Balatro. Balatro. Balatro. Balatro. Balatro. Balatro. Balatro. Balatro. Balatro. Balatro. Balatro. Balatro. Balatro. Balatro. Balatro. Balatro. Balatro. Balatro. Balatro. Balatro. Balatro. Balatro. Balatro. Balatro. Balatro. Balatro. Balatro. Balatro. Balatro. Balatro. Balatro. Balatro. Balatro. Balatro. Balatro. Balatro. Balatro. Balatro. Balatro. Balatro. Balatro. Balatro. Balatro. Balatro. Balatro. Balatro. Balatro. Balatro. Balatro. Balatro. Balatro. Balatro. Balatro. Balatro. Balatro. Balatro. Balatro. Balatro. Balatro. Balatro. Balatro. Balatro. Balatro. Balatro. Balatro. Balatro. Balatro. Balatro. Balatro. Balatro. Balatro. Balatro. Balatro. Balatro. Balatro. Balatro. Balatro. Balatro. Balatro. Balatro. Balatro. Balatro. Balatro. Balatro. Balatro. Balatro. Balatro. Balatro. Balatro. Balatro. Balatro. Balatro. Balatro. Balatro. Balatro. Balatro. Balatro. Balatro. Balatro. Balatro. Balatro. Balatro. Balatro. Balatro. Balatro. Balatro. Balatro. Balatro. Balatro. Balatro. Balatro. Balatro. Balatro. Balatro. Balatro. Balatro. Balatro. Balatro. Balatro. Balatro. Balatro. Balatro. Balatro. Balatro. Balatro. Balatro. Balatro. Balatro. Balatro. Balatro. Balatro. Balatro. Balatro. Balatro. Balatro. Balatro. Balatro. Balatro. Balatro. Balatro. Balatro. Balatro. Balatro. Balatro. Balatro. Balatro. Balatro. Balatro. Balatro. Balatro. Balatro. Balatro. Balatro. Balatro. Balatro. Balatro. Balatro. Balatro. Balatro. Balatro. Balatro. Balatro. Balatro. Balatro. Balatro. Balatro. Balatro. Balatro. Balatro. Balatro. Balatro. Balatro. Balatro. Balatro. Balatro. Balatro. Balatro. Balatro. Balatro. Balatro. Balatro. Balatro. Balatro. Balatro. Balatro. Balatro. Balatro. Balatro. Balatro. Balatro. Balatro. Balatro. Balatro. Balatro. Balatro. Balatro. Balatro. Balatro. Balatro. Balatro. Balatro. Balatro. Balatro. Balatro. Balatro. Balatro. Balatro. Balatro. Balatro. Balatro. Balatro. Balatro. Balatro. Balatro. Balatro. Balatro. Balatro. Balatro. Balatro. Balatro. Balatro. Balatro. Balatro. Balatro. Balatro. Balatro. Balatro. Balatro. Balatro. Balatro. Balatro. Balatro. Balatro. Balatro. Balatro. Balatro. Balatro. Balatro. Balatro. Balatro. Balatro. Balatro. Balatro. Balatro. Balatro. Balatro. Balatro. Balatro. Balatro. Balatro. Balatro. Balatro. Balatro. Balatro. Balatro. Balatro. Balatro. Balatro. Balatro. Balatro. Balatro. Balatro. Balatro. Balatro. Balatro. Balatro. Balatro. Balatro. Balatro. Balatro. Balatro. Balatro. Balatro. Balatro. Balatro. Balatro. Balatro. Balatro. Balatro. Balatro. Balatro. Balatro. Balatro. Balatro. Balatro. Balatro. Balatro. Balatro. Balatro. Balatro. Balatro. Balatro. Balatro. Balatro. Balatro. Balatro. Balatro. Balatro. Balatro. Balatro. Balatro. Balatro. Balatro. Balatro. Balatro. Balatro. Balatro. Balatro. Balatro. Balatro. Balatro. Balatro. Balatro. Balatro. Balatro. Balatro. Balatro. Balatro. Balatro. Balatro. Balatro. Balatro. Balatro. Balatro. Balatro. Balatro. Balatro. Balatro. Balatro. Balatro. Balatro. Balatro. Balatro. Balatro. Balatro. Balatro. Balatro. Balatro. Balatro. Balatro. Balatro. Balatro. Balatro. Balatro. Balatro. Balatro. Balatro. Balatro. Balatro. Balatro. Balatro. Balatro. Balatro. Balatro. Balatro. Balatro. Balatro. Balatro. Balatro. Balatro.,Full_Release,not refunded,2379780,Balatro
76561198330262511,254.5 hrs on record,Recommended,190 people found this review helpful,"Posted: November 29, 2024",Let's go Gambling! Aw dang it. Aw dang it. Aw dang it. Aw dang it. Aw dang it. Aw dang it. Aw dang it. Aw dang it. Aw dang it. Aw dang it. Aw dang it. Aw dang it. Aw dang it. Aw dang it. Aw dang it. Aw dang it. Aw dang it. Aw dang it. Aw dang it. Aw dang it. Aw dang it. Aw dang it. Aw dang it. Aw dang it. Aw dang it. Aw dang it. Aw dang it. Aw dang it. Aw dang it. Aw dang it. Aw dang it. Aw dang it. Aw dang it. Aw dang it. Aw dang it. Aw dang it. Aw dang it. Aw dang it. Aw dang it. Aw dang it. Aw dang it. Aw dang it. Aw dang it. Aw dang it. Aw dang it. Aw dang it. Aw dang it. Aw dang it. Aw dang it. Aw dang it. Aw dang it. Aw dang it. Aw dang it. Aw dang it. Aw dang it. Aw dang it. Aw dang it. Aw dang it. Aw dang it. Aw dang it. Aw dang it. Aw dang it. Aw dang it. Aw dang it. Aw dang it. Aw dang it. Aw dang it. Aw dang it. Aw dang it. Aw dang it. Aw dang it. Aw dang it. Aw dang it. Aw dang it. Aw dang it. Aw dang it. Aw dang it. Aw dang it. Aw dang it. Aw dang it. Aw dang it. Aw dang it. Aw dang it. Aw dang it. Aw dang it. Aw dang it. Aw dang it. Aw dang it. Aw dang it. Aw dang it. Aw dang it. Aw dang it. Aw dang it. Aw dang it. Aw dang it. Aw dang it. Aw dang it. Aw dang it. Aw dang it. Aw dang it. Aw dang it. Aw dang it. Aw dang it. Aw dang it. Aw dang it. Aw dang it. Aw dang it. Aw dang it. Aw dang it. Aw dang it. Aw dang it. Aw dang it. Aw dang it. Aw dang it. Aw dang it. Aw dang it. Aw dang it. Aw dang it. Aw dang it. Aw dang it. Aw dang it. Aw dang it. Aw dang it. Aw dang it. Aw dang it. Aw dang it. Aw dang it. Aw dang it. Aw dang it. Aw dang it. Aw dang it. Aw dang it. Aw dang it. Aw dang it. Aw dang it. Aw dang it. Aw dang it. Aw dang it. Aw dang it. Aw dang it. Aw dang it. Aw dang it. Aw dang it. Aw dang it. Aw dang it. Aw dang it. Aw dang it. Aw dang it. Aw dang it. Aw dang it. Aw dang it. Aw dang it. Aw dang it. Aw dang it. Aw dang it. Aw dang it. Aw dang it. Aw dang it. Aw dang it. Aw dang it. Aw dang it. Aw dang it. Aw dang it. Aw dang it. Aw dang it. Aw dang it. Aw dang it. Aw dang it. Aw dang it. Aw dang it. Aw dang it. Aw dang it. Aw dang it. Aw dang it. Aw dang it. Aw dang it. Aw dang it. Aw dang it. Aw dang it. Aw dang it. Aw dang it. Aw dang it. Aw dang it. Aw dang it. Aw dang it. Aw dang it. Aw dang it. Aw dang it. Aw dang it. Aw dang it. Aw dang it. Aw dang it. Aw dang it. Aw dang it. Aw dang it. Aw dang it. Aw dang it. Aw dang it. Aw dang it. Aw dang it. Aw dang it. Aw dang it. Aw dang it. Aw dang it. Aw dang it. Aw dang it. Aw dang it. Aw dang it. Aw dang it. Aw dang it. Aw dang it. Aw dang it. Aw dang it. Aw dang it. Aw dang it. Aw dang it. Aw dang it. Aw dang it. Aw dang it. Aw dang it. Aw dang it. Aw dang it. Aw dang it. Aw dang it. Aw dang it. Aw dang it. Aw dang it. Aw dang it. Aw dang it. Aw dang it. Aw dang it. Aw dang it. Aw dang it. Aw dang it. Aw dang it. Aw dang it. Aw dang it. Aw dang it. Aw dang it. Aw dang it. Aw dang it. Aw dang it. Aw dang it. Aw dang it. Aw dang it. Aw dang it. Aw dang it. Aw dang it. Aw dang it. Aw dang it. Aw dang it. Aw dang it. Aw dang it. Aw dang it. Aw dang it. Aw dang it. Aw dang it. Aw dang it. Aw dang it. Aw dang it. Aw dang it. Aw dang it. Aw dang it. Aw dang it. Aw dang it. Aw dang it. Aw dang it. Aw dang it. Aw dang it. Aw dang it. Aw dang it. Aw dang it. Aw dang it. Aw dang it. Aw dang it. Aw dang it. Aw dang it. Aw dang it. Aw dang it. Aw dang it. Aw dang it. Aw dang it. Aw dang it. Aw dang it. Aw dang it. Aw dang it. Aw dang it. Aw dang it. Aw dang it. Aw dang it. Aw dang it. Aw dang it. Aw dang it. Aw dang it. Aw dang it. Aw dang it. Aw dang it. Aw dang it. Aw dang it. Aw dang it. Aw dang it. Aw dang it. Aw dang it. Aw dang it. Aw dang it. Aw dang it. Aw dang it. Aw dang it. Aw dang it. Aw dang it. Aw dang it. Aw dang it. Aw dang it. Aw dang it. Aw dang it. Aw dang it. Aw dang it. Aw dang it. Aw dang it. Aw dang it. Aw dang it. Aw dang it. Aw dang it. Aw dang it. Aw dang it. Aw dang it. Aw dang it. Aw dang it. Aw dang it. Aw dang it. Aw dang it. Aw dang it. Aw dang it. Aw dang it. Aw dang it. Aw dang it. Aw dang it. Aw dang it. Aw dang it. Aw dang it. Aw dang it. Aw dang it. Aw dang it. Aw dang it. Aw dang it. Aw dang it. Aw dang it. Aw dang it. Aw dang it. Aw dang it. Aw dang it. Aw dang it. Aw dang it. Aw dang it. Aw dang it. Aw dang it. Aw dang it. Aw dang it. Aw dang it. Aw dang it. Aw dang it. Aw dang it. Aw dang it. Aw dang it. Aw dang it. Aw dang it. Aw dang it. Aw dang it. Aw dang it. Aw dang it. Aw dang it. Aw dang it. Aw dang it. Aw dang it. Aw dang it. Aw dang it. Aw dang it. Aw dang it. Aw dang it. Aw dang it. Aw dang it. Aw dang it. Aw dang it. Aw dang it. Aw dang it. Aw dang it. Aw dang it. Aw dang it. Aw dang it. Aw dang it. Aw dang it. Aw dang it. Aw dang it. Aw dang it. Aw dang it. Aw dang it. Aw dang it. Aw dang it. Aw dang it. Aw dang it. Aw dang it. Aw dang it. Aw dang it. Aw dang it. Aw dang it. Aw dang it. Aw dang it. Aw dang it. Aw dang it. Aw dang it. Aw dang it. Aw dang it. Aw dang it. Aw dang it. Aw dang it. Aw dang it. Aw dang it. Aw dang it. Aw dang it. Aw dang it. Aw dang it. Aw dang it. Aw dang it. Aw dang it. Aw dang it. Aw dang it. Aw dang it. Aw dang it. Aw dang it. Aw dang it. Aw dang it. Aw dang it. Aw dang it. Aw dang it. Aw dang it. Aw dang it. Aw dang it. Aw dang it. Aw dang it. Aw dang it. Aw dang it. Aw dang it. Aw dang it. Aw dang it. Aw dang it. Aw dang it. Aw dang it. Aw dang it. Aw dang it. Aw dang it. Aw dang it. Aw dang it. Aw dang it. Aw dang it. Aw dang it. Aw dang it. Aw dang it. Aw dang it. Aw dang it. Aw dang it. Aw dang it. Aw dang it. Aw dang it. Aw dang it. Aw dang it. Aw dang it. Aw dang it. Aw dang it. Aw dang it. Aw dang it. Aw dang it. Aw dang it. Aw dang it. Aw dang it. Aw dang it. Aw dang it. Aw dang it. Aw dang it. Aw dang it. Aw dang it. Aw dang it. Aw dang it. Aw dang it. Aw dang it. Aw dang it. Aw dang it. Aw dang it. Aw dang it. Aw dang it. Aw dang it. Aw dang it. Aw dang it. Aw dang it. Aw dang it. Aw dang it. Aw dang it. Aw dang it. Aw dang it. Aw dang it. Aw dang it. Aw dang it. Aw dang it. Aw dang it. Aw dang it. Aw dang it. Aw dang it. Aw dang it. Aw dang it. Aw dang it. Aw dang it. Aw dang it. Aw dang it. Aw dang it. Aw dang it. Aw dang it. Aw dang it. Aw dang it. Aw dang it. Aw dang it. Aw dang it. Aw dang it. Aw dang it. Aw dang it. Aw dang it. Aw dang it. Aw dang it. Aw dang it. Aw dang it. Aw dang it. Aw dang it. Aw dang it. Aw dang it. Aw dang it. Aw dang it. Aw dang it. Aw dang it. Aw dang it. Aw dang it. Aw dang it. Aw dang it. Aw dang it. Aw dang it. Aw dang it. Aw dang it. Aw dang it. Aw dang it. Aw dang it. Aw dang it. Aw dang it. Aw dang it. Aw dang it. Aw dang it. Aw dang it. Aw dang it. Aw dang it. Aw dang it. Aw dang it. Aw dang it. Aw dang it. Aw dang it. Aw dang it. Aw dang it. Aw dang it. Aw dang it. Aw dang it. Aw dang it. Aw dang it. Aw dang it. Aw dang it. Aw dang it. Aw dang it. Aw dang it. Aw dang it. Aw dang it. Aw dang it. Aw dang it. Aw dang it. Aw dang it. Aw dang it. Aw dang it. Aw dang it. Aw dang it. Aw dang it. Aw dang it. Aw dang it. Aw dang it. Aw dang it. Aw dang it. Aw dang it. Aw dang it. Aw dang it. Aw dang it. Aw dang it. Aw dang it. Aw dang it. Aw dang it. Aw dang it. Aw dang it. Aw dang it. Aw dang it. Aw dang it. Aw dang it. Aw dang it. Aw dang it. Aw dang it. Aw dang it. Aw dang it. Aw dang it. Aw dang it. Aw dang it. Aw dang it. Aw dang it. Aw dang it. Aw dang it. Aw dang it. Aw dang it. Aw dang it. Aw dang it. Aw dang it. Aw dang it. Aw dang it. Aw dang it. Aw dang it. Aw dang it. Aw dang it. Aw dang it. Aw dang it. Aw dang it. Aw dang it. Aw dang it. Aw dang it. Aw dang it. Aw dang it. Aw dang it. Aw dang it. Aw dang it. Aw dang it. Aw dang it. Aw dang it. Aw dang it. Aw dang it. Aw dang it. Aw dang it. Aw dang it. Aw dang it. Aw dang it. Aw dang it. Aw dang it. Aw dang it. Aw dang it. Aw dang it. Aw dang it. Aw dang it. Aw dang it. Aw dang it. Aw dang it. Aw dang it. Aw dang it. Aw dang it. Aw dang it. Aw dang it. Aw dang it. Aw dang it. Aw dang it. Aw dang it.,Full_Release,not refunded,2379780,Balatro
76561198090028521,7.8 hrs on record,Not Recommended,146 people found this review helpful,"Posted: November 2, 2024",Guess I'm not the target audience.,Full_Release,not refunded,2379780,Balatro
76561198334187225,10.2 hrs on record,Recommended,16 people found this review helpful,Posted: January 23,drugs are less adictive,Full_Release,not refunded,2379780,Balatro
76561198257340322,62.0 hrs on record,Recommended,37 people found this review helpful,Posted: January 7,I LOVE GAMBLING I LOVE GAMBLING I LOVE GAMBLING I LOVE GAMBLING I LOVE GAMBLING I LOVE GAMBLING I LOVE GAMBLING I LOVE GAMBLING I LOVE GAMBLING I LOVE GAMBLING I LOVE GAMBLING I LOVE GAMBLING I LOVE GAMBLING I LOVE GAMBLING I LOVE GAMBLING I LOVE GAMBLING I LOVE GAMBLING I LOVE GAMBLING I LOVE GAMBLING I LOVE GAMBLING I LOVE GAMBLING I LOVE GAMBLING I LOVE GAMBLING I LOVE GAMBLING I LOVE GAMBLING I LOVE GAMBLING I LOVE GAMBLING I LOVE GAMBLING I LOVE GAMBLING I LOVE GAMBLING I LOVE GAMBLING I LOVE GAMBLING I LOVE GAMBLING I LOVE GAMBLING I LOVE GAMBLING I LOVE GAMBLING I LOVE GAMBLING I LOVE GAMBLING I LOVE GAMBLING I LOVE GAMBLING I LOVE GAMBLING I LOVE GAMBLING I LOVE GAMBLING I LOVE GAMBLING I LOVE GAMBLING I LOVE GAMBLING I LOVE GAMBLING I LOVE GAMBLING I LOVE GAMBLING I LOVE GAMBLING I LOVE GAMBLING I LOVE GAMBLING I LOVE GAMBLING I LOVE GAMBLING I LOVE GAMBLING I LOVE GAMBLING I LOVE GAMBLING I LOVE GAMBLING I LOVE GAMBLING I LOVE GAMBLING I LOVE GAMBLING I LOVE GAMBLING I LOVE GAMBLING I LOVE GAMBLING I LOVE GAMBLING I LOVE GAMBLING I LOVE GAMBLING I LOVE GAMBLING I LOVE GAMBLING I LOVE GAMBLING I LOVE GAMBLING I LOVE GAMBLING I LOVE GAMBLING I LOVE GAMBLING,Full_Release,not refunded,2379780,Balatro
76561198183866093,44.4 hrs on record,Recommended,27 people found this review helpful,"Posted: September 27, 2024","As a huge fan of the genre, my rating for Balatro is 10/10. Must buy",Full_Release,not refunded,2379780,Balatro
76561199806082552,44.2 hrs on record,Recommended,78 people found this review helpful,Posted: February 28,fun game 10/10 would recommend,Full_Release,not refunded,2379780,Balatro
76561198317714001,35.0 hrs on record,Recommended,13 people found this review helpful,Posted: January 15,that ‚ô•‚ô•‚ô•‚ô•‚ô•‚ô•‚ô• wheel cannot be a 1 in 4,Full_Release,not refunded,2379780,Balatro
76561198098144016,113.7 hrs on record,Recommended,24 people found this review helpful,"Posted: November 27, 2024","However, the game is an amazing time. Would highly recommend this gem.",Full_Release,not refunded,2379780,Balatro
76561199232864342,124.8 hrs on record,Recommended,11 people found this review helpful,Posted: February 3,more addicting than jerking off,Full_Release,not refunded,2379780,Balatro
76561198254442162,49.0 hrs on record,Recommended,12 people found this review helpful,"Posted: August 3, 2024","Super fun game that is light on the computer. Very entertaining, very addictive, easy to understand, has high replayability, can be played on a low-end laptop.",Full_Release,not refunded,2379780,Balatro
76561198392671248,692.8 hrs on record,Recommended,31 people found this review helpful,"Posted: April 15, 2024","Balatro is a good game that deserves the full attention of rogue-like and poker fans. With its gameplay, infinite replayability, various cards, jokers and packs, numerous challenges and starting decks, this game is a real success. I highly recommend it to all gamers looking for a unique and rewarding experience on Steam.",Full_Release,not refunded,2379780,Balatro
76561198109546445,10.5 hrs on record,Recommended,14 people found this review helpful 1,"Posted: October 10, 2024",Playing it on the Steam Deck make it a nice quick game to play wherever and whenever,Full_Release,not refunded,2379780,Balatro
76561198046131230,37.1 hrs on record,Not Recommended,37 people found this review helpful,"Posted: March 29, 2024","I concede maybe I am asking this game to be something it's not. It's clearly popular and addictive, but despite the time I've invested, and the likelihood I got my money's worth, I don't think I can recommend it. I'd be hard pressed to say the game isn't good, but I'd be equally hard pressed to say it is fun when you really start to sink your teeth in. Instead, I'm confident it's just addictive. At the least? It's better than a casino, if that's what you need.",Full_Release,not refunded,2379780,Balatro
76561199019342004,110.7 hrs on record,Recommended,28 people found this review helpful,"Posted: July 17, 2024","I will give it 8,25 out of 10.",Full_Release,not refunded,2379780,Balatro
76561197995693944,100.9 hrs on record,Recommended,14 people found this review helpful 3,"Posted: September 5, 2024",Absolutely love this game and I cannot recommend it enough.,Full_Release,not refunded,2379780,Balatro
76561198056963398,20.2 hrs on record,Recommended,9 people found this review helpful,"Posted: December 24, 2024","When gambling you can win 2000% of your money, but can only lose 100%. Do the math",Full_Release,not refunded,2379780,Balatro
76561197992369968,45.6 hrs on record,Recommended,27 people found this review helpful,"Posted: August 11, 2024","Be warned: Balatro can be seriously addictive. Its ""one more run"" appeal is strong, and you might play longer than intended.If you enjoy card games or roguelikes, Balatro is worth checking out. It's a clever, well-designed game that offers a ton of replay value.",Full_Release,not refunded,2379780,Balatro
76561198108004734,422.5 hrs on record,Recommended,13 people found this review helpful 4,Posted: January 26,Thank you <3,Full_Release,not refunded,2379780,Balatro
76561198030393287,54.6 hrs on record,Recommended,10 people found this review helpful 1,"Posted: December 28, 2024","A single developer was able to take the core principles of poker, add in an absurd amount of roguelike elements on top a brand new gameplay loop, and come up with something so addictive it will possibly ruin any chance you have of going to bed. I highly recommend Balatro for all beginners and veterans alike!",Full_Release,not refunded,2379780,Balatro
76561199058200701,23.4 hrs on record,Recommended,9 people found this review helpful,"Posted: December 17, 2024","Aw, dang it!",Full_Release,not refunded,2379780,Balatro
76561199087337841,35.6 hrs on record,Recommended,6 people found this review helpful 2,Posted: March 13,balatro,Full_Release,not refunded,2379780,Balatro
76561199540681061,33.5 hrs on record,Recommended,5 people found this review helpful 0,Posted: January 12,I CANT STOP WINNING,Full_Release,not refunded,2379780,Balatro
76561198122126877,113.7 hrs on record,Recommended,5 people found this review helpful 0,Posted: January 4,This should come preloaded on every PC like Minesweeper or Tetris,Full_Release,not refunded,2379780,Balatro
76561198045709838,81.9 hrs on record,Recommended,5 people found this review helpful 0,"Posted: August 13, 2024",Gambling addiction ü§§,Full_Release,not refunded,2379780,Balatro
76561198347268547,"1,002.4 hrs on record",Recommended,5 people found this review helpful,"Posted: November 22, 2024",it's okay i guess,Full_Release,not refunded,2379780,Balatro
76561198070605758,111.0 hrs on record,Recommended,13 people found this review helpful 0,"Posted: November 13, 2024","Thank you for the addiction, AstroTF2.",Full_Release,not refunded,2379780,Balatro
76561199640168644,447.1 hrs on record,Not Recommended,21 people found this review helpful,"Posted: June 23, 2024","After fully unlocking everything, hundreds of hours of work, the save file reset spontaneously. Based on some research, this is a bug with the game that has affected hundreds of people. There is no fix and no acknowledgement of it. Avoid the game until its fixed.",Full_Release,not refunded,2379780,Balatro
76561199062425596,116.6 hrs on record,Recommended,5 people found this review helpful 0,"Posted: August 13, 2024",mmmm ponker,Full_Release,not refunded,2379780,Balatro
76561198400698966,284.1 hrs on record,Recommended,5 people found this review helpful 0,Posted: February 15,"hard at start and maybe u quit , but as u play its gets more fun",Full_Release,not refunded,2379780,Balatro
76561197970649200,29.5 hrs on record,Recommended,6 people found this review helpful 2,"Posted: May 4, 2024","As someone who only understands the basics of Poker, this still drew me in once I got the gist. Cool strategies and mix-ups. I think this will entertain just about anyone who likes Poker on any level and enjoys the idea of a Poker roguelike where you get insanely powerful.",Full_Release,not refunded,2379780,Balatro
12452739823765230498,31.0 hrs on record,Not Recommended,47 people found this review helpful,"Posted: December 27, 2024","It's not addicting, more it's something you can play when you're multitasking and don't really want to focus on it too much. But after awhile I realized this is just tedious and not fun. I don't see myself ever returning to this and can't even say of most of the hours I had ""lots of fun"" it was just kind of something to do. Save your money and buy a better game, this one is not it and really unworthy of your time.",Full_Release,not refunded,2379780,Balatro
76561198047919162,85.5 hrs on record,Not Recommended,31 people found this review helpful,"Posted: April 12, 2024","Balatro is a neat concept, but the game mechanics are just frustrating. Paired with no real sense of progression, there's no way to ""fix"" a run. You can build your deck, enjoy your run, and just into a boss that says ""no"" and there's nothing you can do about it. There isn't time to rebuild, no way to recover. It's just frustrating and can't really recommend the game in good conscious.",Full_Release,not refunded,2379780,Balatro
76561198248904956,1.2 hrs on record,Not Recommended,61 people found this review helpful,"Posted: November 23, 2024","It's a well made game and people obviously love it, which is great, but this game is not my cup of tea. All you do is play hands to earn money to buy bonuses to play more hands. It feels like a pokie (slot) machine and I've never been eager to play those.",Full_Release,not refunded,2379780,Balatro
76561198807252168,33.6 hrs on record,Recommended,4 people found this review helpful 0,"Posted: November 28, 2024",LIKE,Full_Release,not refunded,2379780,Balatro
76561197989923568,120.9 hrs on record,Recommended,4 people found this review helpful 0,"Posted: December 25, 2024",help me i cant stop.,Full_Release,not refunded,2379780,Balatro
76561198844367484,50.1 hrs on record,Recommended,4 people found this review helpful 0,"Posted: December 29, 2024",this game is like a drug 22/10,Full_Release,not refunded,2379780,Balatro
76561199626170770,43.8 hrs on record,Recommended,4 people found this review helpful,"Posted: April 22, 2024","Crack, cocaine, Balatro. They all have ruined my life.",Full_Release,not refunded,2379780,Balatro
76561198156388901,16.0 hrs on record,Recommended,4 people found this review helpful 0,"Posted: November 29, 2024",Great game for people looking to fill an hour here and there in their day.,Full_Release,not refunded,2379780,Balatro
76561198041784079,231.5 hrs on record,Recommended,6 people found this review helpful 0,"Posted: August 24, 2024",Its very addictive game I played the game very day until I met my own goals. for me I had the goal of getting 34 out of 38 achievement. The game is very random but you have enough ways to make it less random so you can beat the game easily. there are more then one way to reach the end so it makes it fresh. its not a walk in the park to defeat the game in the hardest difficultly but its so rewarding when you do. My brother kept telling to stop yelling out of anger or excitement. 10/10 everyone who is into a rogue like or card game I highly recommend.,Full_Release,not refunded,2379780,Balatro
76561198165528642,12.0 hrs on record,Recommended,5 people found this review helpful 1,"Posted: December 2, 2024",Simple and to the point.,Full_Release,not refunded,2379780,Balatro
76561197969217892,"2,091.3 hrs on record",Recommended,"1,413 people found this review helpful","Posted: April 16, 2024",I guess I really really like this game.,Full_Release,not refunded,1145360,MiSide
76561198819505570,,,,,,Full_Release,not refunded,1145360,MiSide
76561199148974711,,,,,,Full_Release,not refunded,1145360,MiSide
76561199233061876,,,,,,Full_Release,not refunded,1145360,MiSide
76561198062212545,69.5 hrs on record,Recommended,126 people found this review helpful,"Posted: August 21, 2024",‚òë 10,Full_Release,not refunded,1145360,MiSide
76561199075719122,4.9 hrs on record,Recommended,856 people found this review helpful,"Posted: December 14, 2024",9/10,Full_Release,not refunded,2527500,RimWorld
76561198313780901,7.9 hrs on record,Recommended,224 people found this review helpful,"Posted: December 21, 2024","Good horror game, speaking to a woman was truly terrifying.",Full_Release,not refunded,2527500,RimWorld
76561198369499700,3.8 hrs on record,Recommended,"4,011 people found this review helpful","Posted: December 22, 2024",-x,Full_Release,not refunded,2527500,RimWorld
76561198843526483,4.8 hrs on record,Recommended,531 people found this review helpful,Posted: February 2,"I went into MiSide blind, and I implore you to do the same as well. Stop reading this review and just go play it, but do know that this game made me cry.",Full_Release,not refunded,2527500,RimWorld
76561198101874830,7.3 hrs on record,Recommended,"2,101 people found this review helpful","Posted: December 27, 2024","Who is Kind Mita? For the blind, she is vision. For the hungry, she is the chef. For the thirsty, she is water. If Kind Mita thinks, I agree. If Kind Mita speaks, I'm listening. If Kind Mita has a million fans, I am one of them. If Kind Mita has ten fans, I am one of them. If Kind Mita has only one fan, that is me. If Kind Mita has no fans, I no longer exist. If the whole world is against Kind Mita, I am against the whole world. I will love Kind Mita until my very last breath.",Full_Release,not refunded,2527500,RimWorld
76561198996473288,809.6 hrs on record,Recommended,623 people found this review helpful,Posted: February 7,We need Happy Ending and more MitaÔºÅ,Full_Release,not refunded,2527500,RimWorld
76561198379509321,693.1 hrs on record,Recommended,495 people found this review helpful,"Posted: April 7, 2024",my doctor couldn't tend to somebody having a heart attack because he was mad he slept in the freezer (I did not tell him to sleep in the freezer),Full_Release,not refunded,294100,NieRAutomata
76561198135542098,,,,,,Full_Release,not refunded,294100,NieRAutomata
76561198829858679,153.1 hrs on record,Recommended,824 people found this review helpful,"Posted: March 31, 2024","i pirate, i play long time, i buy everything fullprice",Full_Release,not refunded,294100,NieRAutomata
76561198044919451,64.0 hrs on record,Recommended,756 people found this review helpful,"Posted: July 3, 2024","i tried my best to be a good person, but the second i saw how much money you could get for a single kidney my moral compass left my body entirely",Full_Release,not refunded,294100,NieRAutomata
76561198038327205,"3,672.5 hrs on record",Recommended,354 people found this review helpful,"Posted: September 29, 2024","In conclusion, RimWorld is the best nightmare you‚Äôll ever willingly subject yourself to. If you‚Äôve ever wanted to simulate the sensation of managing a daycare full of toddlers armed with flamethrowers, please, join me. Just be prepared to explain to your family why you yelled, ‚ÄòTHE CORPSES NEED TO BE BURNED BEFORE THE COWS GET INFECTED!‚Äô at 3 AM.",Full_Release,not refunded,294100,NieRAutomata
76561198131345587,"1,077.5 hrs on record",Recommended,434 people found this review helpful,"Posted: May 15, 2024",would commit adultery again,Full_Release,not refunded,294100,NieRAutomata
76561197982658390,"3,461.7 hrs on record",Recommended,315 people found this review helpful,"Posted: March 21, 2024","So yes, I've played thirty one hundred hours of this game over seven years because I can make it do whatever the heck I can dream up and that's freaking awesome!",Full_Release,not refunded,294100,NieRAutomata
76561198058307491,771.0 hrs on record,Recommended,504 people found this review helpful,"Posted: June 10, 2024","This game not only teaches you management skills, it also teaches you people skills. Using the statistical analysis in the game as it pertains to peoples moods (irl) will help you understand and appreciate the specific nature of those around you, with their different proclivities and traits, and how they fit into a functional society. For instance, when I play this game, my mother gets very angry. But I now understand this is because I am a night owl and interrupted sleep gives her a hefty debuf. on top of this, when she has a mental break and goes on an insulting spree I don't blame her outright. I understand this is because of the lack of beauty in her surroundings and an unwanted food type. In this case, taco bell.",Full_Release,not refunded,294100,NieRAutomata
76561199091578714,24.5 hrs on record,Recommended,241 people found this review helpful,"Posted: July 11, 2024",Came for the hot robots and left watching videos on philosophy and existentialism,Full_Release,not refunded,524220,"Warhammer 40,000: Space Marine 2"
182348504,71.0 hrs on record,Recommended,319 people found this review helpful,"Posted: November 12, 2024","What I got: Good story, nice characters, and decent combat. And Booty.",Full_Release,not refunded,524220,"Warhammer 40,000: Space Marine 2"
76561198049365359,24.8 hrs on record,Recommended,569 people found this review helpful,"Posted: June 13, 2024",Why even live?,Full_Release,not refunded,524220,"Warhammer 40,000: Space Marine 2"
76561198206218993,44.3 hrs on record,Recommended,113 people found this review helpful,"Posted: November 7, 2024","This game really looks so beautiful, especially the sky. Everytime I run in the open world I can't help but look up",Full_Release,not refunded,524220,"Warhammer 40,000: Space Marine 2"
76561199085571592,59.5 hrs on record,Recommended,261 people found this review helpful,"Posted: December 2, 2024","This game was life-changing for me. I played through it on PS4 and got the Platinum trophy. It was important enough that I wrote the date on a sticky note that I took a picture of and put the note in the game case. For me, it marked the moment that I started fighting against my depression and anxiety that had wreaked havoc on my life for several years at that point. I'm grateful that this game exists and I get to play it again on PC.",Full_Release,not refunded,524220,"Warhammer 40,000: Space Marine 2"
76561198050419580,209.7 hrs on record,Recommended,"1,157 people found this review helpful","Posted: September 10, 2024",Also thank you for Saber interactive for making such a banger of a sequel!,Full_Release,not refunded,2183900,Monster_Hunter_Wilds
76561198014929285,26.5 hrs on record,Recommended,"1,634 people found this review helpful","Posted: September 9, 2024","This is a fun and brutal distraction for a few dozen hours. For some it will be a realisation of their childhood fantasy, for others it will be a gateway into an addiction they didn't know they wanted. It is a great entry into the set of warhammer games, and a worthy sequel to a fun game. It won't revolutionise the industry, but it does show that going back to basics and delivering what the fans want is a sound strategy for a good time.",Full_Release,not refunded,2183900,Monster_Hunter_Wilds
76561198035776207,282.4 hrs on record,Recommended,"3,507 people found this review helpful","Posted: September 22, 2024","Edit: I meant to say Dustborn not Concord, Apologizes I confused corpses.",Full_Release,not refunded,2183900,Monster_Hunter_Wilds
76561197968514473,118.7 hrs on record,Recommended,766 people found this review helpful,"Posted: September 6, 2024",Online achievements: 50,Full_Release,not refunded,2183900,Monster_Hunter_Wilds
76561198299357473,,,,,,Full_Release,not refunded,2246340,Sid Meier's Civilization VII
76561198042526928,5.7 hrs on record,Not Recommended,"7,789 people found this review helpful",Posted: March 2,"Cool game, awful performance and worse optimisation. Capcom, if you do end up fixing the game and you'd like me to edit this review into a positive one it will cost you ¬£3.49 for a ""Review edit voucher"".",Full_Release,not refunded,2246340,Sid Meier's Civilization VII
76561199483031734,,,,,,Full_Release,not refunded,2246340,Sid Meier's Civilization VII
76561198057395549,,,,,,Full_Release,not refunded,2246340,Sid Meier's Civilization VII
76561198044813730,106.1 hrs on record,Not Recommended,"2,967 people found this review helpful",Posted: February 8,"Firaxis, you have a fantastic base of a game with so many features and so much depth! Now please let me play it at my pace without railroading me through the ages!",Full_Release,not refunded,1295660,Apex Legends
76561198065342750,,,,,,Full_Release,not refunded,1295660,Apex Legends
76561198021975530,153.4 hrs on record,Not Recommended,"2,732 people found this review helpful",Posted: February 15,"Civ 7 is designed not as a game you can play, but as a curated experience that you can participate in. You are as much spectator as you are player.",Full_Release,not refunded,1295660,Apex Legends
76561198093921500,,,,,,Full_Release,not refunded,1295660,Apex Legends
76561199811202217,,,,,,Full_Release,not refunded,1295660,Apex Legends
76561198097706567,79.2 hrs on record,Not Recommended,654 people found this review helpful,Posted: February 24,Until we see extensive updates I cannot recommend this game. Save your money right now.,Full_Release,not refunded,1295660,Apex Legends
76561198025253373,,,,,,Full_Release,not refunded,1295660,Apex Legends
76561199282221540,142.8 hrs on record,Not Recommended,"2,115 people found this review helpful",Posted: February 12,"If that sounds good to you, then I guess you'll like Civ 7. But the gameplay improvements can't make up for the awful framework that it exists in. It feels empty, boring even. And that makes me sad, because I have NO CLUE how they can fix these kinds of issues with an expansion or a patch. It's just fundamentally bad to me.",Full_Release,not refunded,1295660,Apex Legends
76561198009192271,"1,756.3 hrs on record",Not Recommended,468 people found this review helpful,"Posted: September 8, 2024","Folks, ask yourselves, are you REALLY having fun anymore? I think we all know the answer and the why. It's time to move on.",Full_Release,not refunded,1172470,Halo_Infinite
76561199442688562,"1,648.1 hrs on record",Not Recommended,330 people found this review helpful,"Posted: July 19, 2024","Apex is like your neighbor's sister, she treats you with utmost tenderness and can bring you irreplaceable warmth and emotion. Unfortunately, her father is a super strong alcoholic who often goes crazy and abuses her from time to time. It's very sad to see her getting worse day by day. You know she deserves a better family and environment, but you can't do anything about it",Full_Release,not refunded,1172470,Halo_Infinite
76561198056710520,"3,523.1 hrs on record",Not Recommended,575 people found this review helpful,Posted: January 8,"I haven't touched this game in months, and frankly, I don't think I ever will again. Shame on you for not only destroying a one of a kind game, but for tarnishing Titanfall's legacy along with it. I wish I could hold out some hope, that there's always a chance for a comeback. Not this time, though. This game died a long time ago, and there's blood on Respawn and EA's hands.",Full_Release,not refunded,1172470,Halo_Infinite
76561198053384399,8.8 hrs on record,Not Recommended,186 people found this review helpful,Posted: February 11,"After the last update the game stopped loading in, can't get past the ""press enter"" screen.",Full_Release,not refunded,1240440,HUMANKIND
76561198353996990,3.7 hrs on record,Not Recommended,220 people found this review helpful,"Posted: June 6, 2024","Game crashes on launch, Literally cannot play this game on PC. With research this issue is very common and still without a fix. thought i'd try infinite again, now i'm uninstalling. W Microsoft",Full_Release,not refunded,1240440,HUMANKIND
76561198268652210,,,,,,Full_Release,not refunded,1240440,HUMANKIND
76561197999773277,367.4 hrs on record,Not Recommended,196 people found this review helpful,Posted: January 5,This is a product where the only people making any decisions in the room are the suites. They don't care about the product outside of the profit line going up. The creatives have zero control here and aren't even appreciated. Play something else.,Full_Release,not refunded,1240440,HUMANKIND
76561198193098191,81.9 hrs on record,Not Recommended,186 people found this review helpful,"Posted: June 26, 2024",every time i think about this game now i just get angry...,Full_Release,not refunded,1240440,HUMANKIND
76561198284587254,,,,,,Full_Release,not refunded,1240440,HUMANKIND
76561198164064137,97.3 hrs on record,Recommended,No one has rated this review as helpful yet 9,Posted: January 5,"War support and randomly spawning independent people ruined the game for me. I was in multiple wars with a neighbor, and in my latest war I captured their capital city. Very next turn, they forced me to surrender. Yep, I capture their city and they forced me to surrender. This is because of the stupid war support mechanic. Also, while I'm fighting, I learn that one of my cities is under siege by a random army of independent people. I have outposts on all the territories around my city and its on the coast. There is no unoccupied territories on the whole continent. Yet somehow a random army of independent people spawn in with the strongest units available and there is nothing I can do to stop them. Just randomly spawned out of nowhere, awesome. How am I even supposed to deal with that? These two aspects just ruined this game for me and I doubt I'll pick this up again.",Full_Release,not refunded,1124300,NBA 2K25
76561198019191060,5.3 hrs on record,Not Recommended,372 people found this review helpful,"Posted: June 25, 2024","Half-baked game. There is a lot that is good about this game, but there are a lot of issues that should be easily fixed. There is no grace period after a war, I won a war and the next turn the AI demanded the same territory that we just fought over and I held. I refused (obviously, I won and still had troops available) and they declared war on me (what?, I just crushed him). When they war started I had more war support than him (4 to 2) and I lost the following turn and had to relinquish territories that he didn't demand despite no battles or anything happening. This is an issue apparently that has been around for a long time and the developer has no inclination to fix, this kind of issue that is a core mechanic (war and the aftermath) and continues to persist tells me that the developer has no real inclination to finish or fix the game, they got their money.",Full_Release,not refunded,1124300,NBA 2K25
76561198052439887,485.5 hrs on record,Recommended,106 people found this review helpful,"Posted: July 4, 2024",The Good,Full_Release,not refunded,1124300,NBA 2K25
76561198013580557,,,,,,Full_Release,not refunded,1124300,NBA 2K25
76561197998328208,67.9 hrs on record,Not Recommended,69 people found this review helpful,"Posted: August 6, 2024","so in good consciousness i cant suggest someone buy this at full price UNLESS they really understand what they are getting into, enjoy the genre a lot. For anyone waiting to get into x4 titles, wait until civ 7 or for more updates on this one",Full_Release,not refunded,1124300,NBA 2K25
76561197992229015,,,,,,Full_Release,not refunded,1124300,NBA 2K25
76561198113599745,121.4 hrs on record,Not Recommended,573 people found this review helpful,Posted: January 11,Up until this point I've done my best to try and ignore the rampant amount of cheaters and enjoy the game but I've reached my break point and will never buy another Visual Concepts/2K video game until they take a stand against this behavior.,Full_Release,not refunded,2878980,MapleStory
76561198059791386,,,,,,Full_Release,not refunded,2878980,MapleStory
76561198030361175,0.3 hrs on record,Not Recommended,317 people found this review helpful,Posted: February 8,Stay away from this!,Full_Release,not refunded,2878980,MapleStory
76561198082032024,336.1 hrs on record,Not Recommended,185 people found this review helpful,"Posted: November 18, 2024",I dearly hope we get a competitor to 2K because this stuff has gotten out of hand.,Full_Release,not refunded,2878980,MapleStory
76561199510530555,0.7 hrs on record,Not Recommended,116 people found this review helpful,Posted: February 19,"Dont bother with this game it feels like theyre force feeding you ‚ô•‚ô•‚ô•‚ô•‚ô•‚ô•‚ô•‚ô• on top of all the countless pop up micro transaction ads they have. NOT TO MENTION IT RUNS LIKE ‚ô•‚ô•‚ô•‚ô•‚ô•‚ô•‚ô• ASSS, for reference i have an i7-13700k and 4070, for ‚ô•‚ô•‚ô•‚ô•‚ô• and giggles ima add on that my case has some great airflow on top of the aio........yet this game still runs like im trying to load it up on an xbox 360. It literally eats my cpus ass without remorse.... it shoots up to high ‚ô•‚ô•‚ô•‚ô•‚ô•‚ô•‚ô• 80s when literally any other crazy title game my cpu has hit mid 60s MAX. like bro i played this ‚ô•‚ô•‚ô•‚ô• for less than an hour an wanted my refund within the 1st 10 min!?!?!?!?!?!? GENUINELY save ur $$$$ bc i got this on sale and i JUST CANNOT imagine paying 70 ‚ô•‚ô•‚ô•‚ô•‚ô•‚ô•‚ô• usd for playing a game that plays like u just downloaded a bitcoin mining virus. Oh dont forget your going to waste 150gb for virtually a nothing burger bc nobody gives a ‚ô•‚ô•‚ô•‚ô• about the city, i barely saw any active park runs, and all that other metric ass ton of space seems to disappear into thin air because your getting nothing but a wet farts worth of satisfaction. PLEASE save urself from this purgatory of buying any more new 2ks for it to be ass bc this ‚ô•‚ô•‚ô•‚ô• is definitely the last straw. so depressing this is the only basketball game out there.",Full_Release,not refunded,2878980,MapleStory
76561197966918152,57.6 hrs on record,Not Recommended,225 people found this review helpful,Posted: January 4,"You know, I spent a lot of time thinking about terrible games when I was writing this. I was trying to think of the worst game that was ever created. Now - in my lifetime - I've always said the worst games were either Alone in the Dark 2008, or Tomb Raider 3... But no, no way, not a chance in hell is it either of those... It's ‚ô•‚ô•‚ô•‚ô•‚ô•‚ô•‚ô• NBA 2k25.... THIS is the worst game that was ever created. EVER. And you can't even explain it, you have to experience it. Play just ONE GAME and you will be awestruck with no possibility of putting words together anymore. ‚ô•‚ô•‚ô•‚ô• this game. Buy some weed instead.",Full_Release,not refunded,2878980,MapleStory
76561197966609838,35.0 hrs on record,Not Recommended,155 people found this review helpful,"Posted: June 5, 2024",it's like trying your favourite childhood drink but now it's watered down and you can't taste the flavour anymore.,Full_Release,not refunded,216150,War_of_the_Three_Kingdoms
76561198032885905,410.8 hrs on record,Not Recommended,89 people found this review helpful 5,Posted: January 3,"Some of the most toxic micro-transactions I've ever seen, most things are a rental and if you get the opportunity for a permanent item it can cost 20+ dollars for a png of a hat. And even if you had that hat many classes can't share mtx between each other. Its pure predatory insanity.",Full_Release,not refunded,216150,War_of_the_Three_Kingdoms
76561198816216237,"3,593.9 hrs on record",Not Recommended,102 people found this review helpful,"Posted: April 17, 2024",do your self a favour and stay away.,Full_Release,not refunded,216150,War_of_the_Three_Kingdoms
76561198193928495,354.9 hrs on record,Recommended,95 people found this review helpful,"Posted: December 25, 2024","While the game‚Äôs free-to-play model can be a bit grind-heavy at times, the sense of progression and community makes it well worth the investment of time. It‚Äôs a fun, nostalgic MMORPG that has something for everyone, whether you‚Äôre a casual player or looking for an in-depth RPG experience.",Full_Release,not refunded,216150,War_of_the_Three_Kingdoms
76561199042716987,22.0 hrs on record,Not Recommended,13 people found this review helpful,"Posted: April 19, 2024","The phrase 'pay to win' actually becomes a joke here, because the developers' concept of payments won't come less than 5 grand, in USDs.",Full_Release,not refunded,1180320,Project F
76561199042271682,,,,,,Full_Release,not refunded,1180320,Project F
76561199558695187,8.4 hrs on record,Not Recommended,7 people found this review helpful,"Posted: November 3, 2024",Â∫üÁâ©‰∏úË•øÔºåÂ∑ÆËØÑÊ¶úÈÉΩÂÆà‰∏ç‰Ωè,Full_Release,not refunded,1180320,Project F
76561199382241777,,,,,,Full_Release,not refunded,1180320,Project F
76561199074821586,3.2 hrs on record,Not Recommended,6 people found this review helpful,"Posted: November 30, 2024",‰∏çÁî®ÊàëÂ§öËØ¥‰∫Ü,Full_Release,not refunded,1180320,Project F
76561199208344673,172.4 hrs on record,Not Recommended,9 people found this review helpful,"Posted: October 31, 2024",Trash balance. This game encourages players to dump money in it. ‚ô•‚ô•‚ô•‚ô• is nonsense.,Full_Release,not refunded,1180320,Project F
76561198137323548,34.5 hrs on record,Not Recommended,8 people found this review helpful,"Posted: October 15, 2024",Classic mode turned into a tutorial filled with Bots.,Full_Release,not refunded,1180320,Project F
76561198063496652,269.2 hrs on record,Not Recommended,31 people found this review helpful,"Posted: May 13, 2024","I spent near 300 hours playing this game and I can speak with certainty that this game is NOT worth your time & money. The game is significantly unbalanced, you are at a great disadvantage if you unwilling to spend at least several hundred dollars in this game. The developer should be despised and ashamed for its greediness. Gambling/lottery like reward systems are also wide spread within the game.",Full_Release,not refunded,1180320,Project F
76561198267514048,,,,,,,not refunded,1419640,Overwatch¬Æ 2
76561199713134221,,,,,,Full_Release,not refunded,2357570,MOBILE SUIT GUNDAM BATTLE OPERATION 2
76561198966488484,,,,"Posted: April 23, 2024",Overwatch porn creators work harder than game devs,Full_Release,not refunded,2357570,MOBILE SUIT GUNDAM BATTLE OPERATION 2
76561199039934186,0.3 hrs on record,Not Recommended,"5,539 people found this review helpful","Posted: May 30, 2024",Overwatch porn creators work harder than game devs,Full_Release,not refunded,2357570,MOBILE SUIT GUNDAM BATTLE OPERATION 2
76561198849988611,0.2 hrs on record,Not Recommended,"6,566 people found this review helpful","Posted: March 22, 2024",Overwatch porn creators work harder than game devs..,Full_Release,not refunded,2357570,MOBILE SUIT GUNDAM BATTLE OPERATION 2
76561198088205630,5.8 hrs on record,Not Recommended,84 people found this review helpful,"Posted: May 17, 2024","""failed matchmaking"" Don't think I've ever had a game try this hard to keep me from playing it.",Full_Release,not refunded,1367080,Microsoft Flight Simulator 2024
76561198038148209,428.4 hrs on record,Not Recommended,48 people found this review helpful,"Posted: November 3, 2024","To wrap it up, on paper, this game was a fantastic hit. Its great in every aspect with its PS release. However, in reality, the PC release of this game fell VERY hard. This can mostly be pointed at the poor decisions and lack of care from the ones calling the shots at this studio. It goes to show that no matter how great a game is on paper, you can make it bad by just a couple choices.",Full_Release,not refunded,1367080,Microsoft Flight Simulator 2024
76561198050672090,,,,,,Full_Release,not refunded,1367080,Microsoft Flight Simulator 2024
76561198064096548,,,,,,Full_Release,not refunded,1367080,Microsoft Flight Simulator 2024
76561198334025497,,,,,,Full_Release,not refunded,1367080,Microsoft Flight Simulator 2024
