game_id,name,date,player_count,gain,percentage_gain,followers,rank,positive_reviews,negative_reviews,positive_percentage
413150,Stardew Valley,Last 30 days,"137,726","+36,494",+36.0%,"920,208 followers",#81 in top sellers,"853,812 positive reviews","13,577 negative reviews",98.43% positive reviews
413150,Stardew Valley,February 2025,"101,232","-28,657",-22.1%,"920,208 followers",#81 in top sellers,"853,812 positive reviews","13,577 negative reviews",98.43% positive reviews
413150,Stardew Valley,January 2025,"129,889","+3,571",+2.8%,"920,208 followers",#81 in top sellers,"853,812 positive reviews","13,577 negative reviews",98.43% positive reviews
413150,Stardew Valley,December 2024,"126,318","+8,359",+7.1%,"920,208 followers",#81 in top sellers,"853,812 positive reviews","13,577 negative reviews",98.43% positive reviews
413150,Stardew Valley,November 2024,"117,959","-60,508",-33.9%,"920,208 followers",#81 in top sellers,"853,812 positive reviews","13,577 negative reviews",98.43% positive reviews
413150,Stardew Valley,October 2024,"178,467","+89,650",+100.9%,"920,208 followers",#81 in top sellers,"853,812 positive reviews","13,577 negative reviews",98.43% positive reviews
413150,Stardew Valley,September 2024,"88,817","-27,012",-23.3%,"920,208 followers",#81 in top sellers,"853,812 positive reviews","13,577 negative reviews",98.43% positive reviews
413150,Stardew Valley,August 2024,"115,829","-35,121",-23.3%,"920,208 followers",#81 in top sellers,"853,812 positive reviews","13,577 negative reviews",98.43% positive reviews
413150,Stardew Valley,July 2024,"150,950","+31,697",+26.6%,"920,208 followers",#81 in top sellers,"853,812 positive reviews","13,577 negative reviews",98.43% positive reviews
413150,Stardew Valley,June 2024,"119,253","-56,477",-32.1%,"920,208 followers",#81 in top sellers,"853,812 positive reviews","13,577 negative reviews",98.43% positive reviews
413150,Stardew Valley,May 2024,"175,730","-34,466",-16.4%,"920,208 followers",#81 in top sellers,"853,812 positive reviews","13,577 negative reviews",98.43% positive reviews
413150,Stardew Valley,April 2024,"210,196","-26,418",-11.2%,"920,208 followers",#81 in top sellers,"853,812 positive reviews","13,577 negative reviews",98.43% positive reviews
413150,Stardew Valley,March 2024,"236,614","+174,920",+283.5%,"920,208 followers",#81 in top sellers,"853,812 positive reviews","13,577 negative reviews",98.43% positive reviews
413150,Stardew Valley,February 2024,"61,694","+2,904",+4.9%,"920,208 followers",#81 in top sellers,"853,812 positive reviews","13,577 negative reviews",98.43% positive reviews
413150,Stardew Valley,January 2024,"58,790","+5,143",+9.6%,"920,208 followers",#81 in top sellers,"853,812 positive reviews","13,577 negative reviews",98.43% positive reviews
413150,Stardew Valley,December 2023,"53,647","+6,745",+14.4%,"920,208 followers",#81 in top sellers,"853,812 positive reviews","13,577 negative reviews",98.43% positive reviews
413150,Stardew Valley,November 2023,"46,902","-1,979",-4.0%,"920,208 followers",#81 in top sellers,"853,812 positive reviews","13,577 negative reviews",98.43% positive reviews
413150,Stardew Valley,October 2023,"48,881","+2,670",+5.8%,"920,208 followers",#81 in top sellers,"853,812 positive reviews","13,577 negative reviews",98.43% positive reviews
413150,Stardew Valley,September 2023,"46,211","-7,742",-14.3%,"920,208 followers",#81 in top sellers,"853,812 positive reviews","13,577 negative reviews",98.43% positive reviews
413150,Stardew Valley,August 2023,"53,953",+240,+0.4%,"920,208 followers",#81 in top sellers,"853,812 positive reviews","13,577 negative reviews",98.43% positive reviews
413150,Stardew Valley,July 2023,"53,713","+8,126",+17.8%,"920,208 followers",#81 in top sellers,"853,812 positive reviews","13,577 negative reviews",98.43% positive reviews
413150,Stardew Valley,June 2023,"45,587","+2,105",+4.8%,"920,208 followers",#81 in top sellers,"853,812 positive reviews","13,577 negative reviews",98.43% positive reviews
413150,Stardew Valley,May 2023,"43,482","-7,257",-14.3%,"920,208 followers",#81 in top sellers,"853,812 positive reviews","13,577 negative reviews",98.43% positive reviews
413150,Stardew Valley,April 2023,"50,739","-1,416",-2.7%,"920,208 followers",#81 in top sellers,"853,812 positive reviews","13,577 negative reviews",98.43% positive reviews
413150,Stardew Valley,March 2023,"52,155","-4,118",-7.3%,"920,208 followers",#81 in top sellers,"853,812 positive reviews","13,577 negative reviews",98.43% positive reviews
413150,Stardew Valley,February 2023,"56,273","-2,852",-4.8%,"920,208 followers",#81 in top sellers,"853,812 positive reviews","13,577 negative reviews",98.43% positive reviews
413150,Stardew Valley,January 2023,"59,125","+8,182",+16.1%,"920,208 followers",#81 in top sellers,"853,812 positive reviews","13,577 negative reviews",98.43% positive reviews
413150,Stardew Valley,December 2022,"50,943","+13,410",+35.7%,"920,208 followers",#81 in top sellers,"853,812 positive reviews","13,577 negative reviews",98.43% positive reviews
413150,Stardew Valley,November 2022,"37,533","+2,318",+6.6%,"920,208 followers",#81 in top sellers,"853,812 positive reviews","13,577 negative reviews",98.43% positive reviews
413150,Stardew Valley,October 2022,"35,215","-3,241",-8.4%,"920,208 followers",#81 in top sellers,"853,812 positive reviews","13,577 negative reviews",98.43% positive reviews
413150,Stardew Valley,September 2022,"38,456","-8,383",-17.9%,"920,208 followers",#81 in top sellers,"853,812 positive reviews","13,577 negative reviews",98.43% positive reviews
413150,Stardew Valley,August 2022,"46,839","-7,558",-13.9%,"920,208 followers",#81 in top sellers,"853,812 positive reviews","13,577 negative reviews",98.43% positive reviews
413150,Stardew Valley,July 2022,"54,397","+4,997",+10.1%,"920,208 followers",#81 in top sellers,"853,812 positive reviews","13,577 negative reviews",98.43% positive reviews
413150,Stardew Valley,June 2022,"49,400","+6,348",+14.7%,"920,208 followers",#81 in top sellers,"853,812 positive reviews","13,577 negative reviews",98.43% positive reviews
413150,Stardew Valley,May 2022,"43,052","+2,503",+6.2%,"920,208 followers",#81 in top sellers,"853,812 positive reviews","13,577 negative reviews",98.43% positive reviews
413150,Stardew Valley,April 2022,"40,549","+1,930",+5.0%,"920,208 followers",#81 in top sellers,"853,812 positive reviews","13,577 negative reviews",98.43% positive reviews
413150,Stardew Valley,March 2022,"38,619","-5,525",-12.5%,"920,208 followers",#81 in top sellers,"853,812 positive reviews","13,577 negative reviews",98.43% positive reviews
413150,Stardew Valley,February 2022,"44,144","-4,265",-8.8%,"920,208 followers",#81 in top sellers,"853,812 positive reviews","13,577 negative reviews",98.43% positive reviews
413150,Stardew Valley,January 2022,"48,409","+2,237",+4.8%,"920,208 followers",#81 in top sellers,"853,812 positive reviews","13,577 negative reviews",98.43% positive reviews
413150,Stardew Valley,December 2021,"46,172","+10,564",+29.7%,"920,208 followers",#81 in top sellers,"853,812 positive reviews","13,577 negative reviews",98.43% positive reviews
413150,Stardew Valley,November 2021,"35,608",-201,-0.6%,"920,208 followers",#81 in top sellers,"853,812 positive reviews","13,577 negative reviews",98.43% positive reviews
413150,Stardew Valley,October 2021,"35,809",-743,-2.0%,"920,208 followers",#81 in top sellers,"853,812 positive reviews","13,577 negative reviews",98.43% positive reviews
413150,Stardew Valley,September 2021,"36,552","-13,207",-26.5%,"920,208 followers",#81 in top sellers,"853,812 positive reviews","13,577 negative reviews",98.43% positive reviews
413150,Stardew Valley,August 2021,"49,759","+8,117",+19.5%,"920,208 followers",#81 in top sellers,"853,812 positive reviews","13,577 negative reviews",98.43% positive reviews
413150,Stardew Valley,July 2021,"41,642","+5,085",+13.9%,"920,208 followers",#81 in top sellers,"853,812 positive reviews","13,577 negative reviews",98.43% positive reviews
413150,Stardew Valley,June 2021,"36,557",+873,+2.4%,"920,208 followers",#81 in top sellers,"853,812 positive reviews","13,577 negative reviews",98.43% positive reviews
413150,Stardew Valley,May 2021,"35,684","-6,894",-16.2%,"920,208 followers",#81 in top sellers,"853,812 positive reviews","13,577 negative reviews",98.43% positive reviews
413150,Stardew Valley,April 2021,"42,578","-9,797",-18.7%,"920,208 followers",#81 in top sellers,"853,812 positive reviews","13,577 negative reviews",98.43% positive reviews
413150,Stardew Valley,March 2021,"52,375","-7,356",-12.3%,"920,208 followers",#81 in top sellers,"853,812 positive reviews","13,577 negative reviews",98.43% positive reviews
413150,Stardew Valley,February 2021,"59,731","-35,148",-37.0%,"920,208 followers",#81 in top sellers,"853,812 positive reviews","13,577 negative reviews",98.43% positive reviews
413150,Stardew Valley,January 2021,"94,879","+1,413",+1.5%,"920,208 followers",#81 in top sellers,"853,812 positive reviews","13,577 negative reviews",98.43% positive reviews
413150,Stardew Valley,December 2020,"93,466","+70,832",+312.9%,"920,208 followers",#81 in top sellers,"853,812 positive reviews","13,577 negative reviews",98.43% positive reviews
413150,Stardew Valley,November 2020,"22,634","+4,240",+23.1%,"920,208 followers",#81 in top sellers,"853,812 positive reviews","13,577 negative reviews",98.43% positive reviews
413150,Stardew Valley,October 2020,"18,394","-1,302",-6.6%,"920,208 followers",#81 in top sellers,"853,812 positive reviews","13,577 negative reviews",98.43% positive reviews
413150,Stardew Valley,September 2020,"19,696","-3,865",-16.4%,"920,208 followers",#81 in top sellers,"853,812 positive reviews","13,577 negative reviews",98.43% positive reviews
413150,Stardew Valley,August 2020,"23,561","-5,536",-19.0%,"920,208 followers",#81 in top sellers,"853,812 positive reviews","13,577 negative reviews",98.43% positive reviews
413150,Stardew Valley,July 2020,"29,097","+4,272",+17.2%,"920,208 followers",#81 in top sellers,"853,812 positive reviews","13,577 negative reviews",98.43% positive reviews
413150,Stardew Valley,June 2020,"24,825","-7,072",-22.2%,"920,208 followers",#81 in top sellers,"853,812 positive reviews","13,577 negative reviews",98.43% positive reviews
413150,Stardew Valley,May 2020,"31,897","-13,095",-29.1%,"920,208 followers",#81 in top sellers,"853,812 positive reviews","13,577 negative reviews",98.43% positive reviews
413150,Stardew Valley,April 2020,"44,992",-582,-1.3%,"920,208 followers",#81 in top sellers,"853,812 positive reviews","13,577 negative reviews",98.43% positive reviews
413150,Stardew Valley,March 2020,"45,574","+11,517",+33.8%,"920,208 followers",#81 in top sellers,"853,812 positive reviews","13,577 negative reviews",98.43% positive reviews
413150,Stardew Valley,February 2020,"34,057","-3,786",-10.0%,"920,208 followers",#81 in top sellers,"853,812 positive reviews","13,577 negative reviews",98.43% positive reviews
413150,Stardew Valley,January 2020,"37,843","-1,334",-3.4%,"920,208 followers",#81 in top sellers,"853,812 positive reviews","13,577 negative reviews",98.43% positive reviews
413150,Stardew Valley,December 2019,"39,177",+877,+2.3%,"920,208 followers",#81 in top sellers,"853,812 positive reviews","13,577 negative reviews",98.43% positive reviews
413150,Stardew Valley,November 2019,"38,300","+24,033",+168.5%,"920,208 followers",#81 in top sellers,"853,812 positive reviews","13,577 negative reviews",98.43% positive reviews
413150,Stardew Valley,October 2019,"14,267",-90,-0.6%,"920,208 followers",#81 in top sellers,"853,812 positive reviews","13,577 negative reviews",98.43% positive reviews
413150,Stardew Valley,September 2019,"14,357","-2,190",-13.2%,"920,208 followers",#81 in top sellers,"853,812 positive reviews","13,577 negative reviews",98.43% positive reviews
413150,Stardew Valley,August 2019,"16,547","-8,373",-33.6%,"920,208 followers",#81 in top sellers,"853,812 positive reviews","13,577 negative reviews",98.43% positive reviews
413150,Stardew Valley,July 2019,"24,920",-148,-0.6%,"920,208 followers",#81 in top sellers,"853,812 positive reviews","13,577 negative reviews",98.43% positive reviews
413150,Stardew Valley,June 2019,"25,068","+3,618",+16.9%,"920,208 followers",#81 in top sellers,"853,812 positive reviews","13,577 negative reviews",98.43% positive reviews
413150,Stardew Valley,May 2019,"21,450","+1,340",+6.7%,"920,208 followers",#81 in top sellers,"853,812 positive reviews","13,577 negative reviews",98.43% positive reviews
413150,Stardew Valley,April 2019,"20,110",+40,+0.2%,"920,208 followers",#81 in top sellers,"853,812 positive reviews","13,577 negative reviews",98.43% positive reviews
413150,Stardew Valley,March 2019,"20,070",+696,+3.6%,"920,208 followers",#81 in top sellers,"853,812 positive reviews","13,577 negative reviews",98.43% positive reviews
413150,Stardew Valley,February 2019,"19,374","-3,971",-17.0%,"920,208 followers",#81 in top sellers,"853,812 positive reviews","13,577 negative reviews",98.43% positive reviews
413150,Stardew Valley,January 2019,"23,345","-1,217",-5.0%,"920,208 followers",#81 in top sellers,"853,812 positive reviews","13,577 negative reviews",98.43% positive reviews
413150,Stardew Valley,December 2018,"24,562","+8,357",+51.6%,"920,208 followers",#81 in top sellers,"853,812 positive reviews","13,577 negative reviews",98.43% positive reviews
413150,Stardew Valley,November 2018,"16,205",-133,-0.8%,"920,208 followers",#81 in top sellers,"853,812 positive reviews","13,577 negative reviews",98.43% positive reviews
413150,Stardew Valley,October 2018,"16,338","-3,728",-18.6%,"920,208 followers",#81 in top sellers,"853,812 positive reviews","13,577 negative reviews",98.43% positive reviews
413150,Stardew Valley,September 2018,"20,066","-7,356",-26.8%,"920,208 followers",#81 in top sellers,"853,812 positive reviews","13,577 negative reviews",98.43% positive reviews
413150,Stardew Valley,August 2018,"27,422","+2,932",+12.0%,"920,208 followers",#81 in top sellers,"853,812 positive reviews","13,577 negative reviews",98.43% positive reviews
413150,Stardew Valley,July 2018,"24,490","-5,912",-19.4%,"920,208 followers",#81 in top sellers,"853,812 positive reviews","13,577 negative reviews",98.43% positive reviews
413150,Stardew Valley,June 2018,"30,402","-24,433",-44.6%,"920,208 followers",#81 in top sellers,"853,812 positive reviews","13,577 negative reviews",98.43% positive reviews
413150,Stardew Valley,May 2018,"54,835","+22,687",+70.6%,"920,208 followers",#81 in top sellers,"853,812 positive reviews","13,577 negative reviews",98.43% positive reviews
413150,Stardew Valley,April 2018,"32,148","+19,412",+152.4%,"920,208 followers",#81 in top sellers,"853,812 positive reviews","13,577 negative reviews",98.43% positive reviews
413150,Stardew Valley,March 2018,"12,736","-1,925",-13.1%,"920,208 followers",#81 in top sellers,"853,812 positive reviews","13,577 negative reviews",98.43% positive reviews
413150,Stardew Valley,February 2018,"14,661","-4,052",-21.7%,"920,208 followers",#81 in top sellers,"853,812 positive reviews","13,577 negative reviews",98.43% positive reviews
413150,Stardew Valley,January 2018,"18,713","-1,468",-7.3%,"920,208 followers",#81 in top sellers,"853,812 positive reviews","13,577 negative reviews",98.43% positive reviews
413150,Stardew Valley,December 2017,"20,181","+2,240",+12.5%,"920,208 followers",#81 in top sellers,"853,812 positive reviews","13,577 negative reviews",98.43% positive reviews
413150,Stardew Valley,November 2017,"17,941","+4,227",+30.8%,"920,208 followers",#81 in top sellers,"853,812 positive reviews","13,577 negative reviews",98.43% positive reviews
413150,Stardew Valley,October 2017,"13,714","+2,907",+26.9%,"920,208 followers",#81 in top sellers,"853,812 positive reviews","13,577 negative reviews",98.43% positive reviews
413150,Stardew Valley,September 2017,"10,807","-2,986",-21.6%,"920,208 followers",#81 in top sellers,"853,812 positive reviews","13,577 negative reviews",98.43% positive reviews
413150,Stardew Valley,August 2017,"13,793","-14,421",-51.1%,"920,208 followers",#81 in top sellers,"853,812 positive reviews","13,577 negative reviews",98.43% positive reviews
413150,Stardew Valley,July 2017,"28,214","+8,152",+40.6%,"920,208 followers",#81 in top sellers,"853,812 positive reviews","13,577 negative reviews",98.43% positive reviews
413150,Stardew Valley,June 2017,"20,062","+8,080",+67.4%,"920,208 followers",#81 in top sellers,"853,812 positive reviews","13,577 negative reviews",98.43% positive reviews
413150,Stardew Valley,May 2017,"11,982",+470,+4.1%,"920,208 followers",#81 in top sellers,"853,812 positive reviews","13,577 negative reviews",98.43% positive reviews
413150,Stardew Valley,April 2017,"11,512","-5,826",-33.6%,"920,208 followers",#81 in top sellers,"853,812 positive reviews","13,577 negative reviews",98.43% positive reviews
413150,Stardew Valley,March 2017,"17,338",-103,-0.6%,"920,208 followers",#81 in top sellers,"853,812 positive reviews","13,577 negative reviews",98.43% positive reviews
413150,Stardew Valley,February 2017,"17,441","-6,632",-27.5%,"920,208 followers",#81 in top sellers,"853,812 positive reviews","13,577 negative reviews",98.43% positive reviews
413150,Stardew Valley,January 2017,"24,073","+1,630",+7.3%,"920,208 followers",#81 in top sellers,"853,812 positive reviews","13,577 negative reviews",98.43% positive reviews
413150,Stardew Valley,December 2016,"22,443","+8,661",+62.8%,"920,208 followers",#81 in top sellers,"853,812 positive reviews","13,577 negative reviews",98.43% positive reviews
413150,Stardew Valley,November 2016,"13,782","-4,997",-26.6%,"920,208 followers",#81 in top sellers,"853,812 positive reviews","13,577 negative reviews",98.43% positive reviews
413150,Stardew Valley,October 2016,"18,779","+9,880",+111.0%,"920,208 followers",#81 in top sellers,"853,812 positive reviews","13,577 negative reviews",98.43% positive reviews
413150,Stardew Valley,September 2016,"8,899",-471,-5.0%,"920,208 followers",#81 in top sellers,"853,812 positive reviews","13,577 negative reviews",98.43% positive reviews
413150,Stardew Valley,August 2016,"9,370","-11,817",-55.8%,"920,208 followers",#81 in top sellers,"853,812 positive reviews","13,577 negative reviews",98.43% positive reviews
413150,Stardew Valley,July 2016,"21,187","+2,448",+13.1%,"920,208 followers",#81 in top sellers,"853,812 positive reviews","13,577 negative reviews",98.43% positive reviews
413150,Stardew Valley,June 2016,"18,739","+1,238",+7.1%,"920,208 followers",#81 in top sellers,"853,812 positive reviews","13,577 negative reviews",98.43% positive reviews
413150,Stardew Valley,May 2016,"17,501","-26,048",-59.8%,"920,208 followers",#81 in top sellers,"853,812 positive reviews","13,577 negative reviews",98.43% positive reviews
413150,Stardew Valley,April 2016,"43,549","-20,878",-32.4%,"920,208 followers",#81 in top sellers,"853,812 positive reviews","13,577 negative reviews",98.43% positive reviews
413150,Stardew Valley,March 2016,"64,427","+36,062",+127.1%,"920,208 followers",#81 in top sellers,"853,812 positive reviews","13,577 negative reviews",98.43% positive reviews
413150,Stardew Valley,February 2016,"28,365","+28,362","+945,400.0%","920,208 followers",#81 in top sellers,"853,812 positive reviews","13,577 negative reviews",98.43% positive reviews
413150,Stardew Valley,January 2016,3,0,+0.0%,"920,208 followers",#81 in top sellers,"853,812 positive reviews","13,577 negative reviews",98.43% positive reviews
413150,Stardew Valley,December 2015,3,0,+0.0%,"920,208 followers",#81 in top sellers,"853,812 positive reviews","13,577 negative reviews",98.43% positive reviews
413150,Stardew Valley,November 2015,3,-,-,"920,208 followers",#81 in top sellers,"853,812 positive reviews","13,577 negative reviews",98.43% positive reviews
1145360,Hades,Last 30 days,"7,348",+799,+12.2%,"292,058 followers",#462 in top sellers,"272,837 positive reviews","4,832 negative reviews",98.26% positive reviews
1145360,Hades,February 2025,"6,549",-544,-7.7%,"292,058 followers",#462 in top sellers,"272,837 positive reviews","4,832 negative reviews",98.26% positive reviews
1145360,Hades,January 2025,"7,093",-420,-5.6%,"292,058 followers",#462 in top sellers,"272,837 positive reviews","4,832 negative reviews",98.26% positive reviews
1145360,Hades,December 2024,"7,513",-591,-7.3%,"292,058 followers",#462 in top sellers,"272,837 positive reviews","4,832 negative reviews",98.26% positive reviews
1145360,Hades,November 2024,"8,104","+3,388",+71.8%,"292,058 followers",#462 in top sellers,"272,837 positive reviews","4,832 negative reviews",98.26% positive reviews
1145360,Hades,October 2024,"4,716",+78,+1.7%,"292,058 followers",#462 in top sellers,"272,837 positive reviews","4,832 negative reviews",98.26% positive reviews
1145360,Hades,September 2024,"4,638","-1,393",-23.1%,"292,058 followers",#462 in top sellers,"272,837 positive reviews","4,832 negative reviews",98.26% positive reviews
1145360,Hades,August 2024,"6,031","-4,897",-44.8%,"292,058 followers",#462 in top sellers,"272,837 positive reviews","4,832 negative reviews",98.26% positive reviews
1145360,Hades,July 2024,"10,928","-5,138",-32.0%,"292,058 followers",#462 in top sellers,"272,837 positive reviews","4,832 negative reviews",98.26% positive reviews
1145360,Hades,June 2024,"16,066","-38,174",-70.4%,"292,058 followers",#462 in top sellers,"272,837 positive reviews","4,832 negative reviews",98.26% positive reviews
1145360,Hades,May 2024,"54,240","+45,700",+535.1%,"292,058 followers",#462 in top sellers,"272,837 positive reviews","4,832 negative reviews",98.26% positive reviews
1145360,Hades,April 2024,"8,540",+659,+8.4%,"292,058 followers",#462 in top sellers,"272,837 positive reviews","4,832 negative reviews",98.26% positive reviews
1145360,Hades,March 2024,"7,881",-285,-3.5%,"292,058 followers",#462 in top sellers,"272,837 positive reviews","4,832 negative reviews",98.26% positive reviews
1145360,Hades,February 2024,"8,166",-905,-10.0%,"292,058 followers",#462 in top sellers,"272,837 positive reviews","4,832 negative reviews",98.26% positive reviews
1145360,Hades,January 2024,"9,071",-378,-4.0%,"292,058 followers",#462 in top sellers,"272,837 positive reviews","4,832 negative reviews",98.26% positive reviews
1145360,Hades,December 2023,"9,449",+812,+9.4%,"292,058 followers",#462 in top sellers,"272,837 positive reviews","4,832 negative reviews",98.26% positive reviews
1145360,Hades,November 2023,"8,637","+1,514",+21.3%,"292,058 followers",#462 in top sellers,"272,837 positive reviews","4,832 negative reviews",98.26% positive reviews
1145360,Hades,October 2023,"7,123","-1,145",-13.8%,"292,058 followers",#462 in top sellers,"272,837 positive reviews","4,832 negative reviews",98.26% positive reviews
1145360,Hades,September 2023,"8,268","+2,788",+50.9%,"292,058 followers",#462 in top sellers,"272,837 positive reviews","4,832 negative reviews",98.26% positive reviews
1145360,Hades,August 2023,"5,480","-2,528",-31.6%,"292,058 followers",#462 in top sellers,"272,837 positive reviews","4,832 negative reviews",98.26% positive reviews
1145360,Hades,July 2023,"8,008","+1,377",+20.8%,"292,058 followers",#462 in top sellers,"272,837 positive reviews","4,832 negative reviews",98.26% positive reviews
1145360,Hades,June 2023,"6,631",-594,-8.2%,"292,058 followers",#462 in top sellers,"272,837 positive reviews","4,832 negative reviews",98.26% positive reviews
1145360,Hades,May 2023,"7,225","-4,738",-39.6%,"292,058 followers",#462 in top sellers,"272,837 positive reviews","4,832 negative reviews",98.26% positive reviews
1145360,Hades,April 2023,"11,963","+1,151",+10.6%,"292,058 followers",#462 in top sellers,"272,837 positive reviews","4,832 negative reviews",98.26% positive reviews
1145360,Hades,March 2023,"10,812","+2,526",+30.5%,"292,058 followers",#462 in top sellers,"272,837 positive reviews","4,832 negative reviews",98.26% positive reviews
1145360,Hades,February 2023,"8,286","-8,617",-51.0%,"292,058 followers",#462 in top sellers,"272,837 positive reviews","4,832 negative reviews",98.26% positive reviews
1145360,Hades,January 2023,"16,903","-3,198",-15.9%,"292,058 followers",#462 in top sellers,"272,837 positive reviews","4,832 negative reviews",98.26% positive reviews
1145360,Hades,December 2022,"20,101","+10,747",+114.9%,"292,058 followers",#462 in top sellers,"272,837 positive reviews","4,832 negative reviews",98.26% positive reviews
1145360,Hades,November 2022,"9,354",-151,-1.6%,"292,058 followers",#462 in top sellers,"272,837 positive reviews","4,832 negative reviews",98.26% positive reviews
1145360,Hades,October 2022,"9,505","-2,728",-22.3%,"292,058 followers",#462 in top sellers,"272,837 positive reviews","4,832 negative reviews",98.26% positive reviews
1145360,Hades,September 2022,"12,233",+248,+2.1%,"292,058 followers",#462 in top sellers,"272,837 positive reviews","4,832 negative reviews",98.26% positive reviews
1145360,Hades,August 2022,"11,985","-2,121",-15.0%,"292,058 followers",#462 in top sellers,"272,837 positive reviews","4,832 negative reviews",98.26% positive reviews
1145360,Hades,July 2022,"14,106","+4,043",+40.2%,"292,058 followers",#462 in top sellers,"272,837 positive reviews","4,832 negative reviews",98.26% positive reviews
1145360,Hades,June 2022,"10,063","+4,217",+72.1%,"292,058 followers",#462 in top sellers,"272,837 positive reviews","4,832 negative reviews",98.26% positive reviews
1145360,Hades,May 2022,"5,846","-3,502",-37.5%,"292,058 followers",#462 in top sellers,"272,837 positive reviews","4,832 negative reviews",98.26% positive reviews
1145360,Hades,April 2022,"9,348","-1,030",-9.9%,"292,058 followers",#462 in top sellers,"272,837 positive reviews","4,832 negative reviews",98.26% positive reviews
1145360,Hades,March 2022,"10,378","-1,759",-14.5%,"292,058 followers",#462 in top sellers,"272,837 positive reviews","4,832 negative reviews",98.26% positive reviews
1145360,Hades,February 2022,"12,137",-215,-1.7%,"292,058 followers",#462 in top sellers,"272,837 positive reviews","4,832 negative reviews",98.26% positive reviews
1145360,Hades,January 2022,"12,352",+788,+6.8%,"292,058 followers",#462 in top sellers,"272,837 positive reviews","4,832 negative reviews",98.26% positive reviews
1145360,Hades,December 2021,"11,564",+462,+4.2%,"292,058 followers",#462 in top sellers,"272,837 positive reviews","4,832 negative reviews",98.26% positive reviews
1145360,Hades,November 2021,"11,102","-2,564",-18.8%,"292,058 followers",#462 in top sellers,"272,837 positive reviews","4,832 negative reviews",98.26% positive reviews
1145360,Hades,October 2021,"13,666","+5,358",+64.5%,"292,058 followers",#462 in top sellers,"272,837 positive reviews","4,832 negative reviews",98.26% positive reviews
1145360,Hades,September 2021,"8,308",-980,-10.6%,"292,058 followers",#462 in top sellers,"272,837 positive reviews","4,832 negative reviews",98.26% positive reviews
1145360,Hades,August 2021,"9,288","-6,219",-40.1%,"292,058 followers",#462 in top sellers,"272,837 positive reviews","4,832 negative reviews",98.26% positive reviews
1145360,Hades,July 2021,"15,507",+909,+6.2%,"292,058 followers",#462 in top sellers,"272,837 positive reviews","4,832 negative reviews",98.26% positive reviews
1145360,Hades,June 2021,"14,598","+6,939",+90.6%,"292,058 followers",#462 in top sellers,"272,837 positive reviews","4,832 negative reviews",98.26% positive reviews
1145360,Hades,May 2021,"7,659","-3,500",-31.4%,"292,058 followers",#462 in top sellers,"272,837 positive reviews","4,832 negative reviews",98.26% positive reviews
1145360,Hades,April 2021,"11,159","-7,114",-38.9%,"292,058 followers",#462 in top sellers,"272,837 positive reviews","4,832 negative reviews",98.26% positive reviews
1145360,Hades,March 2021,"18,273","+1,249",+7.3%,"292,058 followers",#462 in top sellers,"272,837 positive reviews","4,832 negative reviews",98.26% positive reviews
1145360,Hades,February 2021,"17,024","-18,399",-51.9%,"292,058 followers",#462 in top sellers,"272,837 positive reviews","4,832 negative reviews",98.26% positive reviews
1145360,Hades,January 2021,"35,423","+1,027",+3.0%,"292,058 followers",#462 in top sellers,"272,837 positive reviews","4,832 negative reviews",98.26% positive reviews
1145360,Hades,December 2020,"34,396","+4,958",+16.8%,"292,058 followers",#462 in top sellers,"272,837 positive reviews","4,832 negative reviews",98.26% positive reviews
1145360,Hades,November 2020,"29,438","-3,174",-9.7%,"292,058 followers",#462 in top sellers,"272,837 positive reviews","4,832 negative reviews",98.26% positive reviews
1145360,Hades,October 2020,"32,612","-5,137",-13.6%,"292,058 followers",#462 in top sellers,"272,837 positive reviews","4,832 negative reviews",98.26% positive reviews
1145360,Hades,September 2020,"37,749","+35,814","+1,850.9%","292,058 followers",#462 in top sellers,"272,837 positive reviews","4,832 negative reviews",98.26% positive reviews
1145360,Hades,August 2020,"1,935","-3,118",-61.7%,"292,058 followers",#462 in top sellers,"272,837 positive reviews","4,832 negative reviews",98.26% positive reviews
1145360,Hades,July 2020,"5,053",-651,-11.4%,"292,058 followers",#462 in top sellers,"272,837 positive reviews","4,832 negative reviews",98.26% positive reviews
1145360,Hades,June 2020,"5,704",-394,-6.5%,"292,058 followers",#462 in top sellers,"272,837 positive reviews","4,832 negative reviews",98.26% positive reviews
1145360,Hades,May 2020,"6,098","+3,982",+188.2%,"292,058 followers",#462 in top sellers,"272,837 positive reviews","4,832 negative reviews",98.26% positive reviews
1145360,Hades,April 2020,"2,116","-3,828",-64.4%,"292,058 followers",#462 in top sellers,"272,837 positive reviews","4,832 negative reviews",98.26% positive reviews
1145360,Hades,March 2020,"5,944",+552,+10.2%,"292,058 followers",#462 in top sellers,"272,837 positive reviews","4,832 negative reviews",98.26% positive reviews
1145360,Hades,February 2020,"5,392","-2,712",-33.5%,"292,058 followers",#462 in top sellers,"272,837 positive reviews","4,832 negative reviews",98.26% positive reviews
1145360,Hades,January 2020,"8,104","+1,682",+26.2%,"292,058 followers",#462 in top sellers,"272,837 positive reviews","4,832 negative reviews",98.26% positive reviews
1145360,Hades,December 2019,"6,422",-,-,"292,058 followers",#462 in top sellers,"272,837 positive reviews","4,832 negative reviews",98.26% positive reviews
2357570,Overwatch® 2,Last 30 days,"40,235","-19,097",-32.2%,"94,824 followers",#57 in top sellers,"77,317 positive reviews","257,974 negative reviews",23.06% positive reviews
2357570,Overwatch® 2,February 2025,"59,332","+22,697",+62.0%,"94,824 followers",#57 in top sellers,"77,317 positive reviews","257,974 negative reviews",23.06% positive reviews
2357570,Overwatch® 2,January 2025,"36,635","-6,506",-15.1%,"94,824 followers",#57 in top sellers,"77,317 positive reviews","257,974 negative reviews",23.06% positive reviews
2357570,Overwatch® 2,December 2024,"43,141","-13,466",-23.8%,"94,824 followers",#57 in top sellers,"77,317 positive reviews","257,974 negative reviews",23.06% positive reviews
2357570,Overwatch® 2,November 2024,"56,607","-1,643",-2.8%,"94,824 followers",#57 in top sellers,"77,317 positive reviews","257,974 negative reviews",23.06% positive reviews
2357570,Overwatch® 2,October 2024,"58,250","-1,792",-3.0%,"94,824 followers",#57 in top sellers,"77,317 positive reviews","257,974 negative reviews",23.06% positive reviews
2357570,Overwatch® 2,September 2024,"60,042",+884,+1.5%,"94,824 followers",#57 in top sellers,"77,317 positive reviews","257,974 negative reviews",23.06% positive reviews
2357570,Overwatch® 2,August 2024,"59,158","+7,150",+13.7%,"94,824 followers",#57 in top sellers,"77,317 positive reviews","257,974 negative reviews",23.06% positive reviews
2357570,Overwatch® 2,July 2024,"52,008","+1,457",+2.9%,"94,824 followers",#57 in top sellers,"77,317 positive reviews","257,974 negative reviews",23.06% positive reviews
2357570,Overwatch® 2,June 2024,"50,551","-1,026",-2.0%,"94,824 followers",#57 in top sellers,"77,317 positive reviews","257,974 negative reviews",23.06% positive reviews
2357570,Overwatch® 2,May 2024,"51,577","-9,439",-15.5%,"94,824 followers",#57 in top sellers,"77,317 positive reviews","257,974 negative reviews",23.06% positive reviews
2357570,Overwatch® 2,April 2024,"61,016","+15,127",+33.0%,"94,824 followers",#57 in top sellers,"77,317 positive reviews","257,974 negative reviews",23.06% positive reviews
2357570,Overwatch® 2,March 2024,"45,889","+4,311",+10.4%,"94,824 followers",#57 in top sellers,"77,317 positive reviews","257,974 negative reviews",23.06% positive reviews
2357570,Overwatch® 2,February 2024,"41,578","+5,878",+16.5%,"94,824 followers",#57 in top sellers,"77,317 positive reviews","257,974 negative reviews",23.06% positive reviews
2357570,Overwatch® 2,January 2024,"35,700","-3,240",-8.3%,"94,824 followers",#57 in top sellers,"77,317 positive reviews","257,974 negative reviews",23.06% positive reviews
2357570,Overwatch® 2,December 2023,"38,940",+14,+0.0%,"94,824 followers",#57 in top sellers,"77,317 positive reviews","257,974 negative reviews",23.06% positive reviews
2357570,Overwatch® 2,November 2023,"38,926",+530,+1.4%,"94,824 followers",#57 in top sellers,"77,317 positive reviews","257,974 negative reviews",23.06% positive reviews
2357570,Overwatch® 2,October 2023,"38,396","+4,238",+12.4%,"94,824 followers",#57 in top sellers,"77,317 positive reviews","257,974 negative reviews",23.06% positive reviews
2357570,Overwatch® 2,September 2023,"34,158","-41,450",-54.8%,"94,824 followers",#57 in top sellers,"77,317 positive reviews","257,974 negative reviews",23.06% positive reviews
2357570,Overwatch® 2,August 2023,"75,608",-,-,"94,824 followers",#57 in top sellers,"77,317 positive reviews","257,974 negative reviews",23.06% positive reviews
